song_id,line
1,"А ты улетишь туда, где будет теплей"
1,"Оставишь белые ночи, меня и апрель"
1,Поменяю города и не забуду твою улыбку
1,"Я помню каменный остров, там сияю как фосфор"
1,"Бегу от друзей, играю в прятки"
1,Со сломанным носом взлетаю в космос
1,Мы сейчас забиты делом с головой
1,Ты помнишь меня — я был не такой
1,Что послужит нам чертой между небом и землёй
1,"Там будешь ты, и ты пойдёшь со мной"
1,Свет в конце тоннеля станет путевой звездой
1,"Появлюсь в ней, не с ней"
1,"Я знаю: ты улетишь, и я оставлю себе"
1,Эти белые ночи на чёрный день
1,Со сломанным носом взлетаем в космос
1,"Был влюблённым подростком, таким и остался"
1,"Ведь ты улетишь туда, где будет теплей"
1,"Знаю: ты улетишь, и я оставлю себе"
2,Но в жизни всё было иначе
2,"Я — эхо, ты — эхо"
3,Но в твоих словах мне виделась грань
3,И я не верил ни в чьи слова
3,Кроме твоих — они казались мне истиной
3,Но ты не была со мной искренней
3,Пока ты сыпешь мне в глаза пыль
3,Ведь в это мгновение не было мы
3,И на небе не было луны
3,Недоразумение — это я и ты
4,что я думаю и говорю о тебе хорошее только и что у нас были хорошие отношения 
4,"А по факту тут, понимаешь, ты двуличный человек"
4,"Я просто не понимаю, почему ты ко мне так хуёво относишься"
4,"Знаешь, я не жалею о том, что я тебе написала"
4,"потому что, ну, там, типа, были какие-то приятные моменты"
4,"о которых можно было просто посмотреть, почитать, улыбнуться "
4,"Мне жаль, но полюбил тебя за глаза"
4,"Был пьян, походу, обещание не сдержал"
4,"Знаешь же, что хобби — говорить, как я люблю тебя и лгать"
4,"Может, моей целью было просто затащить тебя в кровать"
4,Поначалу для неё я — просто кореш
4,Но дальше все твои истории были просто вода
4,"Но я тебя слушал так, будто бы это ранний Дафт Панк"
4,"Знаю, это влечение и простой бумеранг"
4,Но по стечению обстоятельств оба два в облаках
4,"Нет, нет, не пофиг, возможно, сложится"
4,Но как-то в моей голове эти суммы не множатся
5,"Я хочу, чтобы ты утонула в звуке, как и я, как всегда"
5,Чтобы ты не думала о бедах и растворилась пелена на глазах
5,"И заставлю тебя пялиться на то, что так люблю"
5,Из колонок на всю громкость будет плакать блюз
5,И только по одной причине я остановлюсь
5,И оседает белым пеплом на руках
5,Но что когда-то било в спину
5,Вою в уши — этим выражаю страсть
5,"Ты живёшь, когда дышишь, я — пока слышу"
6,"На этот раз это, походу, не сон"
6,Мне не сбежать от фрустрации суток
6,Пока я с ума не сошёл
6,Пока я с ума не сошёл 
6,"Он летел под потолком, пролетая эти комнаты"
6,"Под таким углом ему казалось, что всё понято"
6,"Он управлял погодой так, что трескались барометры"
6,И теперь не кажется Вселенная бесформенной
6,И его сердце никогда уже не станет каменным
6,А по утру мечты сгорели заживо 
8,"Люди, будто звери, будут мне кричать толпой"
8,"Бьюсь за тебя, пока не треснет"
8,"Пульс, я как одно большое сердце"
8,"Бьюсь, когда я вижу тебя, вижу тебя"
8,И мы свалим на край света
9,И для тебя всё это фэнтези
9,"Ты одна из тех, кто видит розовые краски"
9,А я уже давно не верю в грёбаные сказки
9,"У нас уровни разнятся, будто бы бриллианты, стразы"
9,"Она напомнит то, что надо бы помнить"
9,И тогда во мне просыпается светлая сторона
9,"Вспомнить, сколько раз с тобой спорил"
9,Ты опять оставляешь меня без сна
9,Как бы себя ни убеждал — не становилось проще никогда
9,"Несколько раз — и вовсе пропадал, но в воздухе"
9,"Ведь меня поднимет моя толпа, даже будучи в космосе"
9,"Не забуду, как ты умело окутывала слова"
9,"Лавиной накрывала, но я лишь ловил экстаз"
9,"Остался утопающим, кого никто не спас"
10,На лице улыбка останется на века
10,За какие ошибки попадаем в ад
10,Нептун не имел на нас другой план
10,"За какие ошибки, от какого греха"
10,Будем чёрным пятном на стене дома
10,"Родная моя, обещаю, нам будет не больно"
10,Когда город сложится в хаотичные коридоры
10,"Ты не выдохнешь, но мы наконец-то станем спокойны"
10,"Нас не не принял остров, нас не переносит космос"
10,"Лопнет земной шар, хоть конспирологам всё плоско"
10,Вот и путешествие на волнах радиации
10,"И ты увидишь, почему я рад"
10,"Мы узнаем, что за летними воротами Асгард"
10,"Но надеюсь, встретимся в новой цивилизации"
10,"А может быть, даже и не река выходит из берегов"
10,Или «Что с нами не так
10,"Хм-м-м, как бы вам сказать "
10,"Вечно неймётся, я запитанный от взрыва"
10,Я запихан в это тело в наказание за проступки
10,О которых я понятия не имею и не буду
10,"Не ебу, иначе чем мне объяснить настолько сильный зуд"
10,"Ни советы, ни книги, ни суть "
10,"Нас не спасут, нас не спасут "
10,"Я давно в себе это несу, нет"
10,"Нас не спасут, а, нас не спасут "
10,"Ни молитвы, ни казнь и ни суд "
11,Ветром сдует — и я исчез
11,В слезах вспоминаю лишь тебя одну
11,"Дни, недели снова ставятся на луп"
11,"Если бы узнал, что овладел тобой"
11,"Ведь когда тебя слышу, ты лечишь боль"
11,Ведь для многих давно тронут головой
12,"Жаль, ты не понимаешь без слов, что это такое "
12,Если бы я в детстве малой встретил себя нынешним
12,Я бы охерел и был немного поуверенней в себе
12,"Не было бы странно, что вот-вот буду на финишной"
12,И отдал бы я большего семье 
12,"Все мои загоны оттого, что я не вижу"
12,И когда вокал ещё писался в шифоньер
12,"Не понимал, зачем я только что потел"
12,"О, музыка, ты город, я твоя окраина"
12,"Ты как Зельда, а я твоя окарина"
12,"Мы дружили аккуратно с тобой, музыка"
12,Но будто бы в порыве страсти я тебя раздел
12,"Я бы трахнул тебя, музыка, но ты неосязаема"
12,"В холод бы укрыл тебя, согрел"
13,И каждый зал в конце концерта оказывался пустым
13,"И, в квартиру заходя, понимал, что совсем один"
13,Но хоть бы зал и толпы способны сжечь мою боль в груди
13,И каждый зал после концерта оказывался пустым
13,"И, заходя домой, я снова оказывался один"
13,Но глаза толпы всегда заряжали огонь в груди
13,Но как будто меня опрокинул окситоцин
13,"И, доходя домой, я снова оказывался один"
13,"Из последних сил я падаю, но попадаю в ритм"
13,Мы бежим кругами от своих проблем
13,Пока пол под ногами не провалится
13,"Я из поколения, где джангл и рейв"
14,Если жизнь и так несёт вперёд
14,Всё равно всё и так уйдёт
14,И если жизнь и так несёт вперёд
14,Ведь всё равно всё и так уйдёт
15,Просто так ни с того ни с сего
15,Кто-то дышит мне в спину и холодом
15,И в ней закричат твои горькие опыты
15,А в голове загудит одна фраза
15,"А зло течёт по проводам, по проводам"
15,"На всех меня — одна беда, одна беда"
15,И я её не покажу и не отдам
15,"И чьи-то в хлам колени, может, по моей вине"
15,"Но как бы ни скрывал свои проблемы, о них мне"
15,"Расскажет мой любимый семпл, ведь я просто"
16,Что мы просто все забили на чувства
16,"Отмалчиваться, зная, где и с кем ты"
16,"То, что любили мы — теперь не по вкусу"
16,"Во что мне верить, если больше не верю"
16,Теперь не жди меня убитого с тусы
16,Отныне холодно не в нашей постели
16,А в этих окнах всегда будет пусто
16,Открыл с ноги прежде закрытые двери
16,"Ни себя, ни тебя, ни о чём не жалею"
17,"Вещи у друзей, я хожу в одном и том же"
17,Я живу в отеле — дом уничтожен
17,Залить всё это кофе или алкоголем
17,"Толком не заметил, что чрезвычайно болен"
17,Но с новым днем меня снова волна накроет
17,Ты задела меня за живое 
17,Но было поздно и ты оставила ножевое 
17,Я лезу из кожи вон и вою 
17,Лезу из кожи вон и вою 
17,"Я не знаю как, но ты оставила ножевое "
17,Какая разница где я и сколько можно
17,"Парни, я на рейве и кажется надолго"
17,"Честно, я даже не знаю, что это за место"
17,Я как в стоге сена долбанная иголка
17,Кто-то будто сделал музыку в ушах погромче
17,Даже будучи в стрессе — не ощущаю стресса
17,В данную секунду мне исключительно всё равно
17,И с новым днём меня снова волна накроет
18,"Не сижу на месте, будто болен-болен ОСД"
18,"Мои-мои-мои псы на поводке, ты на цепи, я"
18,"Называй спокойно шутером, Вова не спит"
18,Зарабатывал на лут — через день сияю
18,"Силы на исходе, а судьбу не выбирают"
18,"Смотри, я в метро, смотри, я на Убер Блэк"
18,Смотри на мою цепь — это самый чистый снег
18,Пей до конца за мой успех
18,Глупые девчонки умрут в двадцать пять лет в Рабице
18,"Глупые мальчишки будут париться, всем плакаться"
18,Мне нужна работа чтоб отвлечься и расслабиться
18,"Воркаю, пашу, и мне это безумно нравится "
18,Намекну про ник и я уже в неё проникну
18,"Мы снимаем фильм, но она тут же просит сиквел "
18,"Всё и сразу, ей нужна полная картина "
18,Я не играл — но я выиграл
19,Трясу этот воздух — вибрирует комната
19,На грани мотор — вывожу опытом
19,"Бля, не еби мозги, сука уволена"
19,Выгнал из хаты — осталась довольна
19,"Конечно, я ж рэпер, так сделают многие"
19,Её любовь ко мне так велика
19,И настойчиво пыл переходит в блуд
19,Она боялась приехать одна — не проблема
19,"Мне не было похуй, как делать"
19,"Пусть говорят, что труд — это не тру"
19,Мне не перепробовать всех этих блюд
19,"Крутятся с лицами, показывая свои амбиции "
19,"Аккуратнее, когда смотришь на меня так"
19,Не лезьте в мой космос 
19,"И с меня не слезть, ведь я и поэт и художник"
19,"Они думают, для меня глубока река "
19,"Я такой счастливый, моя доля велика"
19,"Залечу, куда угодно — я на звуковых волнах"
19,"Абсолютно поебать, я иду по головам"
19,"Аккуратней, когда смотришь на меня так"
20,"Я так рад, что я с тобой"
20,Вытяни из омута и говори мне в уши
20,Прыгнул в эту серость я с разбегу с головой
20,"Я всё расскажу, прошу, пожалуйста, послушай"
20,"Охренеть, я заехал на месяц в гости"
20,"С друзьям беззаботными, как они — безработный"
20,"Но все лица смешались, образы как один"
20,И город не повысил мне серотонин
20,Все молча смотрят мне в душу и слушают
20,"А потом навешают с три короба, да на уши"
20,"Весь год, то на Рубле, Красногорске, ВДНХ"
20,Полгода где-то оставил внутри салонов такси
20,"Вези меня, старик, по дорогам моей Руси"
20,"Зарыться в стопе бумаг, закопаться в этих счетах"
20,"Здесь это не будни, тут это — суета"
20,В окружении баб разучился считать бабло
20,"Хватит спрашивать, как у меня дела"
20,"Расскажи сама, как не сойти с ума"
20,"Делать вид, что я кого-то слушаю"
20,"Я бы даже сказал, что душная"
20,К счастью от улыбок друзей больше не становится
20,"Спасибо Белокаменной, теперь мы в андеркавере"
20,"Всё правильно, спроси, что мною правило"
21,"Слишком много делал вид, что пофиг"
21,"Делал бабки, клеил сук, смотрел ей в ноги"
21,"Не соври, я знаю: ты считала дни"
21,"Лето и зимы, как же мне отвратно в этой рутине"
21,"Столько лет, больше на меня нет"
21,"Нам не хватит резины, впрочем, к чёрту"
21,"Посылаю резину, двое в душе заливает бензином"
21,"И в тишине витают те слова, которых нету"
21,"И главная примета, не доверять приметам"
22,И кем бы ты не был
23,А я лечу за ним вслед
23,Пока мой последний куплет не допет
24,"Я поздно проснулся, хоть я и не спал"
24,"Я делаю паузы, стоп и рестарт"
24,Так что я не буду за окном
25,"Тот, кем я был, никогда не вернётся"
25,"Раньше было слышно, как зубы у всех скрипят"
25,"Разве видно, что я помят? А, сейчас"
25,"Пылаю огнём, но не от стыда"
25,"Я не был рождён, чтобы летать"
25,"Мне не больно, мне не больно, мам"
25,"И ты не бойся, ты не бойся ран"
25,"Я точно пока не понял, насколько я дорожу"
25,"Собой или, может, кем-то и зря это ворошу"
25,"Если быть откровенным, я снова сор выношу"
25,Раззадорю свой огонь и опять его потушу
25,"Ты не бойся, ты не бойся ран"
26,Я не подойду в заброшенный ангар
26,"Ты имей в виду, это не мой репертуар"
26,Один в этом аду сдыхаю от стыда
26,"Люди вокруг в бреду, господи, вот угар"
26,"Я прячусь за очками в капюшоне там, где бар"
26,И что-то в голове придумал на ходу
26,"И чувствую, что палят все и сразу, кто вокруг"
26,"Я как сюда попал, куда смотрел и что заставило"
26,"Снова просыпаться, не застав конца утра"
26,"Обвиню тебя во всём, в чём виноват сам"
26,"Сломлю твои мечты, ведь доверяю своим снам"
26,Складывать с другими я их непременно кинусь
26,Выдавая каждую мысль за свою дивность
26,Я воспитал в тебе недетскую наивность
27,"Я стою в стране, где лес окутал синий бетон"
27,"Тут даже море волнуется, раз увидев ментов"
27,"Солнце светит бесконечно, но на пыль и песок"
27,"А я сержусь на то, что не с кем обсудить это всё"
27,"Выхожу лишь когда темно, не свечу лицом"
27,"Мне казалось, что свобода стала моим потолком"
27,Я отдал себя всего напоперёк и целиком
27,"И курс неизменён, а сон не вообразим"
27,До сих пор один и за мной тянется дым
27,"Мимо манекенов и машин бежим, бежим"
27,Всё заживёт не за просто так
27,"Если захочешь, мы можем быть вечно молоды"
28,"Что-то шумит, но должно быть тихо"
28,"Где пацаны, что мне стали свитой"
28,Мне ни капельки не обидно 
28,Мне уйти бы вдаль и засесть на дно
28,Если тебя прёт — мои идеи удались
28,"Если тебя прёт, то ты по жизни фаталист"
28,"Никто не скажет мне, как жить в удовольствие"
28,Я тут ни для кого не частная собственность
28,Зачем прятаться мне во лжи и спокойствии
28,"Что льётся так, будто малиновый звон"
28,Этот древний трек надавил на мозоль
28,И я провалюсь в ультрамариновый сон
28,Где кто-то остался без пальцев 
28,Пока мы за школой взрывали без палева
28,И нас по жизни нормально поправило
28,"После пятого шота в животе тепло, как в могилке ангела"
28,"После десятого крикну: Братики, выпускайте Кракена"
28,Я превращался в самых отвратительных существ
28,"Я так хотел бы крылья, но нас всех что-то тянет к земле"
28,"Учись, пока я мёртв, как не надо жить, надо жить"
28,"Надо жить здесь, но нас всех что-то тянет к земле"
28,А я так и лежал и посылал всех
28,Это ни для кого не частная собственность
29,"В спокойствии и комфорте, лечу к тебе на Конкорде"
29,"Мне хватит тупо аккорда, меняю дома погоду"
29,"Как узнаешь кто тут на проводе, раздвинешь ноги, как Джордан"
29,"Запомните мою морду, я чуть быстрее, чем мода"
29,"Не хватит тупо аккорда, меняю дома"
29,"Не хватит тупо аккорда, меняю дома погоду"
29,Я хочу слышать тебя очень громко
29,Ведь я угасался в мучительной ломке
29,Взгляд на небо: ну как тебе атмосфера
29,"Альфа, омега — друг с другом, будто бы лего"
29,Мы с тобою в постели и ты поднимаешь мне эго 
29,Я сам не знаю как всё это сделать
29,Ведь с тобой я пропадаю 
29,"Будоражу голосом, я люблю твои волосы"
30,С каждым днём постепенно крепчает моя черепная коробка
30,И я самый продвинутый в школе
30,Я застрял в самом центре Европы
30,А потом разлюбить и писать об этом
30,Первый выбитый глаз и на шее засос
30,Новый класс и нам надо гонять на рейвы
30,"Пять утра, я невнятно смотрю на рассвет"
30,"Убедившись, что не в облаках, заберу компромат"
31,Катится к чертям и мой забытый дом
31,"Охваченный огнём, как раньше рад гостям"
31,"Так не любит нас, что этим алым полотном"
31,"Танцует на костях, нажмёт рестарт вот-вот"
31,Прогремит на весь мир и вокруг все сгорят
31,Мы станем с тобой первозданной зарёй
31,Я был искренне рад и ты вместе со мной
31,"Всех, кто был виноват, и сравняет с землёй"
31,"Буду искренне счастлив, ты вместе со мной"
31,"Каждый день, как праздник, но мне не хватает счастья"
31,Всё ещё серее от вселенской грусти
31,"Выдумал вселенную, где я стою у власти"
31,"Для себя — всецело, для тебя — отчасти"
31,"Выдумал вслепую, тут лишь самопал и пластик"
31,И этот суррогат – моё второе счастье
31,В нём я закрываюсь от воздействия загрузов
31,"Для тебя всецело, ну а мне так безопасней"
31,"Всех, кто был виноват, сравняет с землёй"
32,"Во что превращается дом, когда меня нету в нём"
32,И ранее привычный хлам охвачен синим огнём
32,"Тревожно, но переживём потоп, взрыв и первый полёт"
32,Затянутся на спине шрамы от старых травм
32,"Поднимаюсь вверх, и вдруг окутывает холод"
32,Тянет к небесам перебороть привычный голод
32,Больше не приносят радость бытовые ссоры
32,"Мне пора пропасть, чтобы появиться снова"
32,Если жизнь и так несёт вперёд
32,"В конце концов, все мы будем там"
33,В моей картине мира нарисованы маршрут и семья
33,Она висит около шкафа со скелетами
33,Где вам бы не советовал копаться безоружными 
33,"Я так устал бояться, думать, что ещё обрушит судьба"
33,"Тишина — всё, что так нужно сейчас"
33,"Бесит, что так хочется петь песни про любовь"
33,"Только поклянись, что ты сегодня не одна"
33,"Крепче убеждаюсь, что проблемы с головой — это не большее из зол"
33,Хочется остаться только звуком из динамика и больше ничего
33,"Всё ещё не понимаю, как довёл себя до слов, что говорил тебе"
33,Тщательно скрывая все подсказки на поверхности
33,Мои мысли не об этом 
34,"В параллельной вселенной, где на дне океана огни"
34,"Там не вдвоём мы, только там не одни"
34,В параллельной вселенной не чувствую боль
34,Крепко держу в руках имени нити
34,"Вспоминая о том, что не было"
34,"Мой нос в крови, не жди ответа"
34,Перелистнут — и не останется страниц
34,В параллельной вселенной я не чувствую боль
34,"Рассветы, с рассветом, с рассветом, рассветы"
34,"С рассветом, с рассветом, с рассветом, рассветы"
35,Нас в унисон всех оторвёт от пола
35,Чтобы заставить вас со мною хором петь
35,Возьми меня и вылей себе в долбаный стакан
35,"Ведь моя музыка впирает, будто кислота"
35,И это чувство так тебе знакомо
35,Но твой стакан ещё с чего-то полон
35,Вас в унисон всех оторвёт от пола
35,И вы уже поёте со мной хором
35,Тебя не поймают и не найдут
35,Вряд ли вспомнишь сочетания имя фамилий
35,Чтобы нас после концерта увозил катафалк
35,Только так смогу ещё сто лет существовать
35,Наши палящие глаза воспринимаются как шоу
36,Моя душа сейчас в окраинах Москвы
36,И крепкий холод не даёт сжигать мосты
36,Я улечу на пару дней или недель
36,Но для тебя это самый ужасный день
36,Мы грустим по обе стороны Земли
36,"Сейчас в достатке, ну а завтра на мели"
36,"Мне жаль, но планеты не вращаются"
36,Даже все кометы попрощаются с тобой
37,Но в них нет слова мы
37,Как мне объяснить что я не болен
37,Вряд ли в этой жизни буду понят
37,Я хочу оказаться единым с собой
37,В унисон бы пылать с этим городом
37,"Я не знаю, где с вами окажемся"
37,"Перед тем, как останется сажа, мы"
38,Я просто не хочу быть громким
38,"Знаешь, я бы мог других спокойно"
38,Есть только слух о моих фобиях
38,"Знаешь, каждая звезда на небе скоро сдохнет"
38,"Кто вообще придумал фразы, в роде горький опыт"
38,В этой перепалке ты пойдешь как соучастница
38,Если не в одной лиге 
38,Ты знаешь сколько нечисти я на пути найду
38,"Сердце — это всё, что я, наверное, украду"
38,"Только не ревнуй, я знаю, что не подведу"
38,"Всё это понарошку, я их всех видал в гробу "
38,"Часы, минуты, дни — то, что бы вернул"
38,Наверстаем в небе или помянем в аду
38,"Я азартный — вывод из того, что на кону"
38,Ты видишь с кем приходится мне делить волну
38,"Минуты, дни — то, что бы вернул"
39,Что все это просто не попусту 
39,Эти дела лучше кинуть в вагон
39,Где сидит моё прошлое и плача
39,Ты со мной когда буду богатым
39,"Что я работаю, не видя сутки"
39,"Эй, не нравится то, что я вижу"
39,Я бы сравнял себя с грунтом
39,"Да я устал, хоть мне двадцать"
39,"Похер, что будет. Похер, что будет"
39,Но папа не верил в таланты
39,В руки лопату — я так вскопал андер
39,"Да, мне не нравится то, что я вижу"
39,Скоро концерт на количество энное 
39,"Не нравится то, что я вижу"
40,"Новость, что могу я и не проснуться днесь"
40,"И вокруг витает мошкара, похожая на свинец"
40,"Зарой, пока трубач окаянный не выдует медь"
40,"Я вырою нору, да поглубже, буду вещать"
40,Растолкую как меня будет лучше отпеть
40,Нам необходимо убегать — это факт
40,Пробегись со мною за руку по краю льда
40,"Все механизмы сносятся, и вот в нас летит плита"
40,"Вижу, как грузная, будто тело, забывшее свою силу "
40,"Ведь знает, что нас всех смажет"
40,"Может быть, у берега накроет волна"
40,"Камнем ринусь к берегу, чтобы достать дна"
40,"Мы гадаем, кто на небе том погасит свет нам"
40,"Я воскресну, став твоим лишь патроном"
40,"Опрокинуть тех, кому нету дела до"
40,Мы давно под наблюдением дронов и
40,Наши судьбы в руках у демонов
40,"Все механизмы сносятся, и в нас летит плита"
41,Твой урок для меня очень дорог
41,Ты птицей был — ей и взмахнул
41,"Не верю, что друг мой отныне невидимый"
41,"Память — наш долг, хоть на сердце осколок"
41,"Бился за жизни, а жизнь не игрушка"
41,"Жаль, я не рядом, но знаю: ты видишь"
41,"Сеет страх, а в глазах рябит"
41,"Правда, горько. Лучше бы этого не было"
41,Ты и так был будто ангел-хранитель нам
41,Сколько планов в миг внезапно обрушилось
41,И стихи твои на музыку крошатся
41,Птица в небо так стремительно целится
41,"Я надеюсь, мне всё это привиделось"
41,"Верю в то, что всё же есть правосудие"
41,"Я не знаю, брат, когда мы заловимся"
41,Я диктую танец в честь победителя
42,"Что за вопросы, слушай, парень, ты бредишь"
42,"Что за дела? Это что, такой фетиш"
42,Ваш образ жизни для общества вреден
42,"Выгляжу так, что меня приняли за гангста"
42,"Прага кишит слухами, что я из иной касты"
42,"Но я — лучик света, они зовут меня бласта"
42,"Тем припевам, что скандировали эти дураки"
42,"Боссы не знают, что меняются прайсы"
42,Если там всё же есть и наблюдает кино
42,То тогда я залягу на дно
42,Пока закипает в моих жилах бетон
42,"Чекай, как я из воды сделал вино"
42,"Ясно, тянется, как леска, к шее"
42,Лестно. Уже без компании — не пусто
42,"Классно, насладись тем, что ты неизвестен"
42,Даже с кислой мордой буду в чьих-то интересах
43,"Тревога, тик, на нервах — я херачу стены"
43,"Днём я занят, вечерами обращаюсь к вере"
43,"Ночью снится, что с утра меня душат модели"
43,"Сплю и вижу, что мне кто-то выбивает двери"
43,"Кто позади, те слились и посланы нафиг — хьюман трафик"
43,"Я обскакал конкурентов, меняя на сильных, заполнив свой график"
43,"Сочинил, поменял, удалил и по новой — так и задавим"
43,"Ем мясо на завтрак и ужин, ты хаваешь гравий"
43,"Я хотел бы гонять на супре, но мне светит иной расклад"
43,"Вызвал тачку, убер — умер. Сел на задний — принцип"
43,"Я уже не дышу, боже, я просто хотел уснуть"
43,"Шум в голове заполнит грудь, "
43,Меня несёт и каков мой путь
43,Шум в голове заполнит грудь 
43,"Брат в небесах мне не даёт спать, мотивируя двигаться дальше"
43,"Индустрия диктует мотив, но я знаю, что сделаю краше"
43,"В голове голоса, закатаю глаза, игнорирую нахер"
43,"Включаю беса, зубы на месте, в пасти железо"
43,"Рэп, что на грани абсурда, репрессий"
43,Словно бегущий по лезвию и для общества на грани бездаря
43,"Куви так красноречиво поёт об одном, а читает на трезвый ум"
43,"Мне снилось, как падал, когда уговаривал друга не слушать рассудок"
43,"Разве стоит того поступок? Врач не поможет, зато бог рассудит"
43,"Я скорее уверую в чудо, чем стал бы приписывать чьи-то заслуги"
43,"И реально ли то, что мой кореш просил меня помнить о нём я буду"
43,"Шум в голове заполнит грудь, меня несёт"
44,Покажи смекалку — выбей глаз у кореша
44,"Мы ходим под Богом, но нам не дают дышать"
44,"Выпей со мной что-нибудь, что пьётся, — в этом шарм"
44,"Выкопай мне яму, но не упади сам"
44,Над нами кто-то есть и помимо Христа
44,"Нас били, но нам не хватит"
44,"Но буду давить, идти и за то"
44,Родись в России — это азарт
44,И даже нытик в силах раздать
44,Где псина — это твой лучший друг
44,"В колхоз не хочешь, видит Элаг"
44,Зато мы верим в наши войска
44,Ведь за спиною брата не страшно
44,А я иду с разбитым лбом
44,Знаю ли его или соседу помогу
44,Замер или умер тихий житель СПБ
44,"Знал бы ты, сосед, тебя покажут по ТВ"
44,"Я видел его в лифте, когда было мало лет"
44,Я будто вырос с дядей этим на одном корму
44,"Интересно знал ли дядя, что его найдут"
44,Под прицелом огнестрела не ведут войну
44,Невидаль и падаль за отечество солгут
44,"Сосед соседа сдаст, соседи деда продадут"
44,"Может быть, сосед не вёл соседскую игру"
44,"Может, ради помощь за стенку заберусь"
45,"С теми, кто уже не верит"
45,На кой черт мне держать за руку
45,"Ту, что заведомо видит ложь лишь"
45,И в каждый шаг наперёд вникая
45,А бежал я будто по кругу
45,Я мешал её шмотки с пылью
45,Что вот-вот как в слоумо летали
45,"Я же знал, обрекая на крах себя"
45,"И когда на тебе не сто, а тысячи глаз"
45,"Алые глаза, и их кто-то полюбил"
45,"Не ответить за базар и всю херню, что я вершил"
46,"Малый успех, скажем, твоё имя у всех на уме"
46,Даже твой друг скорее покажет фак в след
46,"Кто продает дурь, кто нюхает меф"
46,Но стаду важно как ты одет 
46,Либо был дом в другой стране
46,Малый успех — тебя будто бы бросили к змеям
46,Дай пару лет и проверим кто из вас друг и кому я верю
46,Драгоценный камень на шее тянется вниз
46,Дура променяла ценники на свою жизнь
46,"Малая не врубается — финиш рядом, он тут"
46,Ведь для кого-то умер мой стиль
46,"Лицо на ноль, тук-тук, ты кто"
46,"От дома до падоса, от блока да благодатного дома"
46,"Вижу путь, но ты его не перегородил"
46,"Кто же тебя, глупого, такого породил"
46,"Кто тебе внушил, что у нас одни пути"
46,"У, мне так нелепо это наблюдать"
46,Маленькие дети в теле молодых дядь
46,В школе проходили мы это лет пять назад
46,"Нет путей назад, если правит азарт"
46,"Шаришь, у меня глаза и в Питере, и в Москоу"
46,"Кто-то лает в спину, ну а кто-то думал мозгом"
46,"Сука верит звездам, а шалава их наброскам"
46,"Не нужна фанатка, если там одни доски"
46,Твои пацаны не отвечают за слова
46,"Ссылаясь на дела мои, мол, я проигнорю"
46,"Но видишь ли, когда мы за кулисами"
46,Ты прячешь своё тело в коридоров
47,"Все те фразы, типа, сделай себя сам"
47,"Дорогой дневник, я сделал куклу Вуду "
47,"Это мой двойник, зовут его Иуда "
47,"Все те фразы, типа сделал себя сам"
47,"Обретут другую форму, ведь я сотворил врага"
47,"Мне все мало связей, грязи в жизни "
47,"Они поголовно говорят, что Вова занят"
47,"Не поднимаю телефон, я вне сети "
47,Фаталисты выпьют полстакана за меня 
47,"Я голос поколения — того, где два нуля"
47,Я жму на газ в пол
47,Где Вова — там дом 
47,"Любимой музыки, что ты не выкупишь"
48,Мы танцуем вальс под стоны блюза
48,Мы танцуем классику не на три трети
48,Я раздел тебя глазами — мы уже не дети
48,"За руку держу, типа, искренне любим"
48,"Хищный взгляд не прячь, мы голодные люди"
48,"Лучше шли меня подальше, шли меня и верь"
48,Ты не знаешь какой во мне спит зверь
48,"Зови меня Париж. Эй, че ты не спишь"
48,"Интеллигент, а в душе пьяный движ"
48,"Берегу свой лик, но во мне спит зверь"
48,"Мокрые ладони, в край наглая морда"
48,Ну как отличить друга от идиота
48,"Не быть, а казаться — гнилая работа"
48,Гниль — это мой стиль. Сотни тысяч миль
48,"Не буди во мне того, кого ты разбудила"
48,"Я не выищу мишень, ты особый индивид"
48,"За то, каких скрывает демонов мой лик"
48,В мире животных труп не опознан
48,"Если снится сон, то сон неосознан"
48,"Мам, прости, Вова будет очень поздно"
48,Я будто Париж с ног до головы
48,За костюмом Луи-Ви себя не утаишь
48,"Детка, зови бэд боя в Париж"
48,"Вспомни о плёнке, она не вечная"
48,Будто удары в печень — жизнь поломана
48,"Мой голос сорван, на то есть причины"
48,Я пьяный и грустный тащусь по блоку
48,В кармане ключи с жаждой дедовщины
48,Я как вода с переменным током
49,"Бегом на концерт, затем снова концерт"
49,Еду с катушек — красиво пиздец
49,В город грехов — этот город на трэпе
49,Крутим планету — мы новые дети
49,Новый обвес — моя новая цепь
49,В самый новый мир точка ком
49,Я погружаюсь всё глубже и глубже
49,Я погружаюсь всё дальше и дальше
49,Идём гулять со мною по краю
49,В стиле подбитого крыла — я на пути вниз
49,Парни превратили Спб в свой Мемфис
49,"Забиваю на дела, я пишу релиз"
50,"Я иду искать, я иду искать"
50,И мы с тобой уже в пути
50,"Конечно можно — я свежей, чем твой питомец"
50,Если ты на скорости – я покажу спидометр
50,"Раз, два, три — меня не найти, я в доме"
50,"На центральном блоке меня палят, входят в ступор"
50,"Хочешь покажу, как я запрыгиваю внутрь"
50,Три цепи на шее — золото уже не в моде
50,"Платиновый нож в кармане, моя бэйби в боде"
50,"Приобрету вставную челюсть, когда буду старым"
50,Я хочу сиять диамантовым оскалом 
50,"Группи-группи, она хочет груви груви "
50,"Я держу тебя за руку — нет, держу за дуру "
50,"Я, если я люблю, то я в любви один, дура"
50,"Без стыда и совести постель залил бензином, дура"
51,"Я не знаю, кто я "
51,"Куок зверски болен, нужен новой роли"
51,"Прячу золото на руку, худаком закрою"
51,"Она думает, как не влюбиться тут"
51,Ресторан с мишленовской звездой и миллион
51,В кармане миллион и на карте миллион
51,"На мне стальные цепи, Вова Куок — хамелеон"
51,"Сияю в капюшоне, блок не ценит моветон"
51,Я буду ходить и генерировать идеи
51,Я хожу кругами в поиске верных решений
51,Я свихнусь в процессе поиска нужных мишеней
51,"Сердце будто пепельница, меня не щадит"
51,"Вокруг одни быки, мои мечты тлеют, как пепел"
51,"Подставь вторую щёку, пепел ушатает ветер"
51,"Я иду, нет, я бегу и генерирую идеи"
51,План захвата мира или план захвата денег
51,Грабить ювелирный или тратить на безделье
51,"Я бегу, нет, убегаю от своих же целей"
51,"Покажи меня, ТВ, вот я и глупый ящик"
51,"Вроде человек без кожи, вроде бы не ящер"
51,"Цепь на шее тянет вниз, а я сопротивляюсь"
51,"Вроде бы урод, но что-то в этом есть изящное"
51,"Вроде бы красив, хотя я даже не пытаюсь"
51,"Силы на нуле, я генерирую и далее"
51,"В кармане миллион, на карте миллион"
52,"Я захотел — снял, я захотел — взял"
52,Я захотел что-то — заимел дважды
52,"На лице сажа? Да, меня вяжет"
52,Тишина и мое сердце бьется на весь зал
52,Покажу где в Праге найти врата ада
52,Написал два трека — мне не нужно текста
52,"Кислый — улыбаюсь редко, дама побоится оказаться"
52,И зал за залом снова взял
52,"Убери свои деньги, я тут все еще за идею"
52,"Ненавижу тех, кто стелится, сука, да, я из тех, кто стелит"
52,"Я хочу жить на сцене, ну и усмирить свое эго"
52,"Мне похуй, в каких ты кедах, поясни за своё кредо"
52,"Ты забросишь микро, почувствуя запах этих банкнот"
52,"Я хочу подарить тебе свои мысли, бро, ведь их тонны"
52,"Нахер левых в тик-токе, нахер продавать жопу"
52,"Я хочу за своё топить, пока чужое не лопнет"
52,Гонке не конец — ещё 9 кругов в аду
52,"Тут всё наоборот, похуй: овощ ты или фрукт"
53,"Времени так мало, оно утекает сквозь"
53,"Диско-шар разломан вдребезги, но это не всерьез"
53,"Я надеваю форсы без шнурков, протягивают трость "
53,"Они летят, я касаюсь этих улиц"
53,Они пляшут в этом морге 
53,"Ублюдок, ты же знаешь, что ты не догонишь воду"
53,"Сорок четвёртым европейским, взлетая как вороньё"
53,"Ступил в твоё глазное дно, будто в илистый водоём"
53,"Не помня себя, сидим среди тысяч других имен"
53,На скамейках для запасных мы надежду передаём
53,"Неловко семеня, я пропрыгаю вдоль по кочкам"
53,"Искомканым, будто почерк, забитым в мой мочеточник"
53,"И тот, кто мне когда-то за что-то что-то пророчил"
53,Проснется однажды ночью под лестницей и поймёт
53,"Ненавижу алко, но я выпиваю залпом"
53,Самый ненавистный вкус и самый неприятный запах
53,"Но давлюсь за тебя, за себя, засекай"
53,"Выпью три стакана быстрей, чем ты скрутишь косяка"
53,Моё тело умирает — в этом я не уникален
53,Вода не затекает под мой конопляный камень
53,По мне то и дело плачет мать горючими слезами
53,"Но они, с лица слезая, застывают, как камедь"
53,"Сотни фасеток осели, будто на гниль, на мне сетуя"
53,"То на вид, то на запах прелый ведут беседу"
53,"Раздробленный, как мука, наскреби меня по сусекам"
53,Припухлости на руках тянут пальцы воткнуть в розетку
53,"Кого возьмут за рога из нас, это решать не нам"
53,Тащи своё тело в круг и пей до дна
53,Тащи своё тело в круг и пей до дна 
53,"Ныть по всем каналам, нафиг выть на весь квартал"
53,"Не выноси сор из избы, не выноси из кассы нал"
53,"Время не щадит, да, время дикое"
53,"Я прожигаю дни, а время бесконечно тикает"
53,"Я не смогу сидеть без дела, мысли однотипны"
53,"Если нервный тик достал, то все соседи мигом тихие"
53,"Я делал, что хочу, и буду делать то, что делал"
53,"Моё тело говорит: да ты задрал, осточертел"
53,"Твоё мнение не важно, будто ударение пьяни"
53,"Я играюсь, но я вечно парюсь. Парень уясни"
53,"Один раз уж объяснил (ха), вряд ли будет дважды"
53,"Второй акт приемлем в пьесе, сексе и сборе бумажек"
53,"Я с зимы готовлю сани, Вова вечно занят"
54,Я самый-самый близкий в твоем микро-макро космосе
54,"Одна волна, что движет общий похотливый помысел"
54,Назад дороги нет. Герои очень грустной повести
54,"Бит - самопал, как мои грёзы"
54,Наполовину пуст стакан — там её слёзы
54,"Я совершил удар, она готовит тросс"
54,"Что-то прячет под язык, а я заныкал в кроссы"
54,"Я без любви неполноценен, будто демка"
54,Расскажи об этом своим близким людям
54,"Повествуй о том, как пронзил без прелюдий "
54,Я застану тебя дома без оружия
54,Все свои успехи умножу на два
54,Она ждёт меня в различных городах 
54,"Не двулична, она будет просто так "
54,Распишусь у тебя прямо на губах
54,"Я совершил удар, она готовит трос"
55,Достаю баллон и заливаю стены кровью
55,"Я тебе вдул, или жизнь тебе вдула"
55,"В прихожей, в моей арендованной хате"
55,"Сучки, блять, толпы вас, в очередь встаньте"
55,"Эй, салют мне есть, что тебе показать"
55,Я разъебал себя в осколки — собираю по кускам
55,"Я заберу твою девчонку, ведь одну уже забрал"
55,"Мне мало-мало-мало-мало стаффа, самка тоже голодна"
55,Мой компромат на тебя уже слит
55,Я выберу дом себе высоко в горах
55,"Я под водой, а не на мели"
55,На аперитив — все мои грехи
55,Все мои демоны стелят так гладко
55,"В комнате Иуда, а ну вышел, падла"
55,Я искал себя и не нашёл правды
55,В этих деньгах нет удачи 
55,"Скинь на почту, с языка в урну"
55,Две ведь за бафф — уже окурок
56,"Знаешь, я несу собственную суть в массы"
56,"Стою за рулём, я у власти"
56,Хочешь мести — заходи в гости
56,"Боже, упаси, Боже, не теряем связь"
56,"Мясо-мясо-мясо, да, я дам им мясо"
56,"Генератор скорости, давлю на газ я"
56,"Залетаю без стука, я твой кумир"
56,Без стыда и совести несу мир вам
56,"Я как аллигатор, вы идете нахер"
56,"Прокушу вам шкуру, гори синем пламенем"
56,"Я ухожу из зала, хочу всё сначала"
56,Не хочу огорчать отца и маму
56,Чтобы пылали сердца и кипела кровь
56,"Важно, кем ты мог бы, парень, стать"
56,Самым успешным или же самым самым
56,В дорогих шмотках и рваной одежде брата
57,"Нафиг стрит кредебилити, на улице пусто"
57,"Когда пустой кошель, то в кармане вся капуста"
57,Я живу себе и забиваю на все чувства
57,"Я пишу стихи, не забивая на искусство"
57,Я в своей стихии и мне как обычно пусто
57,Я бегу по улице в компании — пусто
57,Я лежу в панельке в своей спальне и мне пусто
57,Заработал лям — это мне кажется не густо
57,"Мне безумно весело оттого, что грустно"
57,На меня влияет каждый внешний раздражитель
57,"Если бы не ты, то я бы был бы долгожителем"
57,"Этот мой фан, он торговец ебалом"
57,"Я давлю вас, не люблю вас"
57,"Выпей за нас, приходи в зал"
57,"Залетай в мош, не трожь сквад"
57,"Расскажи о том, как ты тусуешь с моим другом"
57,"Расскажи мне факты, о том, что мы с одного круга людей"
58,"Залипаю на балконе, я туплю с утра"
58,"Небо плачет и калечит, но я буду рад"
58,"Вижу драку возле школы, вижу детский сад"
58,"Жизнь кипит адским ключем, я живу ради трат"
58,И я сгораю в своих загонах будто чертов Нотр Дам
58,"Извлеку из себя душу, а потом другим продам"
58,"Я не знаю, где дом, дом, дом"
58,"Мои веки тяжелы, правда в том, что людям жалко"
58,И признаюсь: я забыл его специально
58,"Я лечу по встречке, кто-то мне сигналит дальним"
58,"Всё, что поступает, я больше не замечаю"
58,И просто миксую злобу с тревожностью и печалью
58,"Ни один больше мотив мною не двигает, отнюдь"
58,"Да, это джин, джони и джус"
58,Я до сих пор кручу и кручусь
58,Лечу к мечте на скорости чувств
58,"И помнил, с чего я начал"
58,Под ногами плот — и я поднимаюсь на мачту
58,"Поднимаю паруса — там опять земля, однозначно"
58,"Но я не понимаю, где дом"
58,И я сгораю в своих загонах будто чёртов Нотр Дам
58,"Мой дом не там, где я родился"
58,"Не там, где мы по блоку"
58,"Собирали чьи-то гильзы, чьи-то сны и чьи-то слезы"
58,"Потеряй меня в глуши, и я найду себе ночлег"
58,"Потеряй меня, найди, ведь тебе нужен человек как я"
58,"Вы кричите, что мой дом — многоэтажка и район"
58,"И снова тур и снова дом, и снова зал, и перегар"
58,"Ведь жизнь прекрасна, но не факт, что меня вытащит контракт"
58,"Мой дом не там, где меня ждут, где безопасно и маршрут"
59,"Я думаю, нужно было закончить разговор, когда я это в первый раз"
59,"Расскажи мне, что, блин, значит да"
59,Что пару дней назад ещё спешил
59,И мы долго не хотели ждать тот день
59,"Я верю, что так лучше для тебя и нас"
59,"Я помню, что не знал ещё разлуки до сейчас"
59,"И время не щадит, я знаю, но я не погасну"
59,"И каждый слог из слов, чем я составлял те фразы"
59,"Что не слышат эти массы, толпы"
59,Мой космос — он тоже твой
59,Из крайности в крайность кидаюсь от зависти
59,"Ко всем твоим и новым людям, окружению"
59,Я знаю чётко твоё ко мне отношение
59,"И сплю я чутко, ожидая сообщения"
59,"Не выключая звук, забив на повреждение "
60,"На мне платина, так что не смей идти со мною близко"
60,"Я в режиме стелс, когда иду на риски"
60,"Слышу вас, но я не слышу Олимпийский"
60,Я забайтил русских рэперов — заткнись и слушай
60,"В музле, как будто дома. Образованный, подкованный"
60,"Но мне 19 лет, и я краду твой флоу"
60,"Куок подох, как за двоих "
60,"Раньше лучше, раньше ты не парился за триптих"
60,Я кручу язык на пальцы 
60,"Поясню тебе, что ты не гангста"
60,Все твои понты лишь только краска
60,"Хм, ты не человек — ты просто тушка"
60,"Жизнь как подарок, но ты не заслужишь"
60,"Ты глушишь пивас, чтобы стать малость лучше"
60,Выберу жизнь и скручу себе жало
60,"Зайду в ресторан, чтобы тело дышало"
60,Мой рок-н-ролл — это твоя отрава
60,"Но если я жив, значит, было мне мало"
60,"Ха, на счёте так много нулей"
60,Пару бокалов с меня всему бару
60,"Я не скупой, я ни разу не жадный"
60,"Надо бы ехать, ведь так много планов"
60,Еду через пол России ради своих дам
60,"Разгоняюсь, как мудак, пять секунд до ста"
60,Мои черти — это самый-самый дикий сквад
60,"Каждый день меня тошнит, зачем мне этот бред"
60,"Я не верю этим фэйкам, но для них я свет "
60,Моя виселица стильная как Луи Белт
60,"Ха, сигарета на рассвете, пока она в душе"
61,"Мой сон — твой страх, ну-ка улыбнись"
61,"Без сил, без совести — мой стиль"
61,"Моё время — твои деньги, я их зацепил"
61,"Не плачь, не ссы. Хочешь, обмани"
61,"Я не особенный, смейся и дальше"
61,"Слово моё хоть и звук, но что-то, да весит"
61,Пока мое сердце пашет и пашет — я буду всё так же отважен
61,Ты хочешь перемен? Что-то задумаешь снова менять
61,Не надо меня в свои планы включать
61,"Хотел показаться я преданным, прыгнуть с разбегу в работу"
61,"Я хочу быть более бедным, чтобы нуждаться в заботе"
61,"Эй-эй, шаришь, к черту твои дни"
61,"Из дома я уехал, твои траблы не помеха"
61,"Район знает, с кем я бегал"
61,Я не брал плохой пример там
61,"Мне кричит, что я на верном"
61,Кто не верил там в меня
61,Мне не нужен бит на фон
61,"О том, как дети на подъезде"
62,"Я считаю кеш, гуап, головы и холодные дни"
62,"Я считаю мулу, нал, золото и грязные ножи"
62,"Достал член, он весь в крови"
62,"Я считаю кеш, гуап, и головы"
62,"Ты урод, заберу моё, перестреляю двор"
62,Посмотри в отражение — просто блять позор
62,"Я считаю кэш, ха, гуап, холодные дни"
62,На мне-на мне золото и грязные ножи
62,"Я здесь не играю, сделал пару новых дыр"
62,"Дай нам время — попадем и в твою хату, слушай"
62,"Парень, Прага-Питер залетает в твои уши"
62,"Дам вам шанс понять, кто в этой сфере самый душный тип"
62,"Мою команду любят, твою не воспринимают"
62,Я выбил за свой счет себе тропинку прямо в рай
62,"Тебя скрутит охрана, смотрю, как вас принимают"
62,"Эти люди думают, что тот капитан"
62,"Я заряжен будто пропан, коли я капитан"
62,"Ты видишь, подо мной оазис морей"
63,Я бы хотел проснуться на море 
63,"Вокруг меня ни души, я снова"
63,Снова просыпаюсь с отвратным голосом 
63,"Мне снилась моя седина в 18, и как я не выдрал все волосы"
63,"Да, я кричу во сне — я так давно не рубился в тонусе"
63,"Да, я стараюсь не спать вообще, все ваши сны – это домыслы"
63,"Снова на одном, стоп, как я дышу"
63,"Может, всё зря? Я опять накрутил"
63,"Но я знаю, что ровно дышу"
63,"И от этого мягче падать, туда, где нету взглядов"
63,"Я люблю, когда время меня разрывает на части"
63,Доверился слабости и сдохнешь от счастья 
63,"Тебя не погубит та серость, берегись власти "
63,"Там, где мой дом, я не буду скучать"
63,"Я надеюсь, что серые будни украсят ненастье"
63,"Я убью своё эго, оно у меня на запястье"
63,"Я теряю силу, думал, что красивый"
64,Я такой же как мои песни
64,"Я такой же, да хоть ты тресни"
64,"Я обычный, но странный с виду"
64,"Я такой, потому что к черту"
64,"Я такой же обиженный, вечно простуженный"
64,"В чертовой хижине, богом и чёртом забыт"
64,Здесь только я и мой быт
64,Я и мой друг — общепит
64,"Я такой же расстроенный, но не рассеянный"
64,"Ухо востро держу, время от времени"
64,Под своим знаменем на чужой блок иду
64,"Здесь не мой дом, не моя улица"
64,Я такой же как и ты 
64,И меня не отправят к святым
64,Сколько не пил я святой воды
64,"Я иду, а за мной следы"
64,"Я вижу дым, я вижу дым"
64,"Но внутри он тот же, только шкуру скинул"
64,Но внутри живет всё тот же демон
64,Руки свои тянет всё к тем же темам
65,"Знаю, ты за кроссы отдал бы и душу"
65,"Моя девушка — красотка, твоя — туша"
65,"Я своим киком разрываю, будто пушка"
65,"Я сияю так, что у суки катаракта"
65,"Ты сука, если не знаешь, кто на голову рейвер"
65,"Мои глаза горят, как будто мои глаза кремний"
65,"Она плачет на коленях, я палю её кроссовки"
65,"Принца дома пусто, приходи ко мне на тусу"
65,"Подарю тебе себя, я короную, я танцую"
65,"Он блефует, я разбил твоей пассии мечты"
65,"Угараю в своём тексте, почему же плачешь ты"
65,"Я на сцене, ты под сценой, она ждёт меня за сценой"
65,"Знаю чётко себе цену, сука, цену, сука, чё"
65,"Дрессирую эту кошку, будто Вова — Куклачёв"
65,"Она тащится в постель, открывает свой рот"
65,"Я устал, ведь я работал, эта сука подождёт"
65,Чаппа под подушкой — мой единственный друг
65,"Хотя нет, ещё один у твоей суки во рту"
65,"Я легендарен, как Али и эти слухи не врут"
65,"Бич, отойди, если твой круг — это двенадцать залуп"
65,"Делаю, чё хочу — мне похуй, вылезаю за луп"
65,"Шатаут Куоку, Сода Лув всегда поддержит замут"
65,"Ставлю ебланов на мут, только мои парни поймут"
65,Сделать бабло на жёстком трэпе — наш обыденный муд
65,"Кому-то плоскую ту, но мне только толстую бу"
65,"В смысле с огромной жопой, ебаться с жирными — табу"
65,Твоя жопа тут же в гробу
65,"Там, где родился - пригодился, но навряд ли умру"
65,Лечу косой машу руками — я лечу на Луну
65,"Мы с пацанами как цунами, но не гоним волну"
65,"Огонь из дрейко, пу-пу, превращает фейка в золу"
65,Большая жопа на мне — и это обычно
65,Я слышу шёпот — это шелестит наличка
65,Она языком рисует на моих яичках
66,"Сколько можно меня постить, 21, 21"
66,И среди драгов — есть отрава
66,В моём скваде все народы мира
66,"Сори я занят, Лева и Рабинс"
66,"Рой со мной, я сделал мёд читая в такт"
66,Я порвал тебя тем летом — Нуар 2
67,Поиграл и выкинул как будто бы Нинтендо
67,"Мне плевать, сколько стоит то платье"
67,"Рву его, так хочу рвать и метать"
67,"И детка смеется, но стоит рыдать ей"
67,"Моё тело в порезах, а кстати"
67,На руках печати — это моё отношение
67,"Я стою, стою и палю в своё отражение"
67,В первый раз почувствовал себя её мишенью
67,Она вцепится зубами в мою шею
67,"Мне нужна помощь, мне не нужна муза"
67,Адреналин — и мои вены вздулись
68,"Воу, я раскачался тут без удобрений"
68,В своё время торговал битами — так боролся с ленью
68,"В поисках себя, но мне плевать было на одобрения"
68,"Свое бремя знаю, я вынашивал идеи"
68,"И оттачивал умения, рукоделил как умею"
68,Из подручных средств создал себе комфортную вселенную
68,"И заселил планету обитателями, к чёрту обывателей"
68,Я в этом деле слишком избирателен
68,"Куок — изобретатель, собираю себе двигатель"
68,"Вечную машину, что заставит тебя прыгать, дядя"
68,"Все мои кенты мне говорили: Ты сдурел, приятель"
68,"Своим видом ты пугаешь, парень, да ты точно спятил"
68,"Вылетаю резко, не забыв надеть на себя маску"
68,"Прячусь в капюшон и прорываюсь сквозь толпу, мой адский"
68,"Труд востребован от мало до велика, а ты"
68,"Продложай сидеть и подрожать кумирам, ты – свидетель мира"
68,"Я тебе дам послушать трэп, попробуй это испытать на себе"
68,"К холодам, безмолвию, промёрзшей почве для истерик"
68,Я не представитель жанров кроме эзотерики
68,Дёргаю за нити — тянутся ко мне все звери эти
68,"Этики не зная, тянут лапы хапать лакомый кусок"
68,Продав услугу или биток а-ля Паучье Молоко
68,"И все мои друзья мне говорят, что всё равно им"
68,"Я теряю силы, но я всё равно доволен"
68,"Я черепом трясу на сцене, валю вами в боулинг"
68,Но вся моя команда со мной по одной дороге
68,"Колесит туда, где нету связи, там, где холод, голод"
68,"Розтоки указал, куда мне следовать, это неведомо"
68,"Казалось, чушь, но я настолько предан своему делу"
68,Портя воздух и насилуя экосистему мою
68,"Мы стоим на краю и машем, скрестив пальцы"
68,Не вникая в смысл провокаций ваших промоакций
68,"Мои мысли проедали кожу, будто крокодил"
68,"Я скандировал себе: Всё, что нужно я просадил"
68,"Но эта дичь позади, и Вова снова ведет эфир"
68,Столько мыслей породил за обедом и пока спал
68,"Просидел я каждый стул в рамен баре, как сын полка"
68,Я знаю: путь не из простых
68,"Но ты не думай, что я прячусь"
68,"Да, мне реально тяжело, где заторможенный пыл"
68,"Моя история в начале, но я вытираю пыль"
68,"Ночи просижу спокойно в студии, потный и мыльный"
68,"Угомоните кто-то мою молодую кровь, я"
68,"В шаге от того, чтобы не выпилиться вновь"
68,"Я не шарю, как тут не быть агрессивным"
68,И каждый день за днём подряд
68,"Там на каждого компромат, и на себя"
68,Закрывшись под одеялом из навязчивых идей
68,"Наверное, он хочет, чтобы его сдали в утиль"
68,"Походу, он мишень, а его жизнь — грёбаный тир"
68,"Я притворюсь едой, давайте мы устроим пир"
68,"Я резкий, можешь называть по-братски Богдан Титомир"
68,"Я выбегу из омута, надеюсь выбегу "
68,По мотивам моего альбома кто-то верстает псалтырь
68,Не покидать бы мне жилого массива
68,Пытались подобрать они рычаги до упора
68,"Считая, что чутка помешанный или упорот"
68,Выходили на моих коллег по цеху и коллег по городу
68,Будто коллекторы желали бить мне морду
68,Но каждый раз изо дня в день
68,Я форматировал порывы злости в потоки идей
68,"Со мной потянутся толпы людей, я проповедую"
68,"Как можно жить, а не кем нужно быть"
68,Я поведу их за собой за три-девять земель
68,"Родился в лифте, ведь не закрываю перед ними дверь"
68,Лезу в разум этой малолетней дуре я
68,"Прячу руки я, умру от скуки"
68,"Танцую в пустоте, чтобы утонуть в толпе"
69,"Зло в кубе я, в маске в клубе, я"
69,"Влезу в разум этой малолетней дуре, я"
69,"Прячу руки, я умру от скуки, я"
69,"Танцую в пустоте, чтобы утонуть в толпе"
69,"Я знаю, что всё это накрутил"
69,"Я знаю, отчего мой нервный тик"
69,"Я знаю, отчего мой человек во мне погиб"
69,"Я знаю, я знаю, я знаю"
69,"Я знаю, что слова мои важны"
69,"Я знаю, что друг другу мы нужны "
69,"Ты хейтишь всех моих фанаток, не подозревая"
69,Что я сам их не любил
69,Давай с тобой весь день на кухне проведём
69,"Под песни группы ""Кино"" подумаем о больном"
69,"Поведай о том, что душит, и мне отдай свою душу"
69,Под шумный гул электричества тусклым пылать огнём
69,"Будем греть батареи, споёшь мне о своём прошлом"
69,"Откроешь все свои тайны, я улыбнусь понарошку"
69,"Скажешь что-то мне на ухо, я выберусь ненадолго"
69,"И не вернусь в бытовуху, возможно, уйду из дома"
69,"Я уверен, что в метро сегодня встретил Христа"
69,Я проспал свою станцию и укатил в небеса
69,Я ударил с размаху во сне цепями из металла
69,"И удрал, ведь так люблю от тени бегать по кварталу"
69,"Снова из падших восстал, что-то ты там написал"
69,Столько дней на суете и которую ночь не спал
69,"Со стороны видней, кем друг-невидимка стал"
69,"Танцую в пустоте, чтобы утонуть в толпе, эй"
69,"Что ты забыл на асфальте? Столько воды, вы устанете"
69,"Слушать, что я плету, пока куда-то иду"
69,"Кто-то не вышел из спальни, кто-то в попытке провальной"
69,"Угнать обычный трамвай, чтобы разбить Гелентваген"
69,"Если бить, то сильно, если любить, то крепко"
69,"И самым быть красивым, и высыпаться редко"
69,Борец за справедливость тычет лбом в чью-то ксиву
69,"Пока ""Мистер правосудие"" считает свою прибыль"
69,"Я пишу, я пишу, меня трясёт"
69,"Я пишу, и для меня это контрастный душ"
69,"То есть я пишу, ведь повторение закаляет"
69,"Я дышу, ведь дышит каждый человек"
69,"Но я дышу со сбитым ритмом, это напрягает"
69,Я душу себя за шею и меня душит мой оберег
69,Я спешу и постепенно опускаю руки
70,"Я несусь по краю льда, будто дальше не смогу"
70,"И за мной осколки времени, я точно убегу"
70,"И все, кто меня любит, говорят, что мне пора"
70,"И тех, кого я сам люблю, хочу достать с окна"
70,Будто сотни тысяч раз спину протыкает время
70,"Мне надоело быть собой, ведь я не совершенен"
70,"Игнорирую отбой, когда об этом кричит тело"
70,"Я хотел бы поймать счастье, но оставлю его детям"
70,"В человеке, что уж трижды утром клялся не уйти"
70,"Не предать и не покинуть, жить лишь тем, что вы семья"
70,Но в итоге опрокинуть тонны гнусного вранья
70,"Затыкать всегда некстати, едким словом зацепить"
70,"Фразой ""Мы уже не дети"" ценность дружбы утопить"
70,"После долгих размышлений, дав запрет на негатив"
70,Понимание исчезло за молчанием в сети
70,"Думаешь, я сплю? Я сорок дней не спал"
70,"Наяву я видел сны, когда замирал"
70,Я вернусь домой тогда и упаду без сил
70,Каждый день я сам себя тащил и говорил
70,Хватит помогать другим — помоги себе сам
70,Вижу через призму негатива слёзы на глазах
70,"Этим темпом ты погубишь всех, кто рядом был и будет"
70,"Пришло время доказать себе — парень, ты устал"
70,Должно вновь пригнать на пристань в предвкушении адских мук
70,Вымолвить за все прощения в висках приглушая стук
70,"Вмиг забыть, что до сердило, кинуть снисхождения круг"
70,"Но тебя уже прибило, погрузив на дно испуг"
70,"Всё одна и та же сцена, двое в лодке в пять утра"
70,"Слёзы, крики, друг бесценный испарился в никуда"
70,"Холод тёмного завала, лёд застыл в туманной мгле"
70,"Нет конца и нет начала, ты застрял в этой петле"
70,"Молодой, но кем-то стал, что-то кто-то доказал"
70,Что же дальше? Что же будет
70,Кто я? Кто ты? Кто эти люди
70,"Все мы любим, ненавидим, тратим дни, себя не видя"
70,"Прожигая юность, молча рвутся связки, рвутся в клочья"
70,"И я буду кричать, запрети мне кричать"
70,"Взаперти битый час, но стены рушат печаль"
70,"Поставив крест на себе, оставишь только печать"
70,"Буду жить всем назло, буду жить и скучать"
70,"Может, буду с другой, можешь не отвечать"
70,"Сколько можно трещать о том, что нету сил врываться"
70,"Посмотри мне в глаза, я научусь улыбаться"
71,"И мне плевать, что надоело. Надо делать "
71,"Не видишь, они меня ждут? "
71,Ты лезешь не в ту нору
71,Рой для своих — это закрытый клуб 
71,Мы не пускаем все по ветру 
71,Мы не кидаем все поутру 
71,"Команда, мы пашем как стая пчел "
71,Команда моих друзей и подруг 
71,"Где принято воркать, пока ты не труп"
71,Если я на сцене — улыбаюсь в оба глаза 
71,"Нет, дорогой мой, это не правда"
71,"Да, мы с ребятами делаем мед"
71,"Прыгаю в улей, как будто бы в дом "
71,Вариться в одном котле — бред
71,Тут каждый в одном котле варит
71,Прыгаю в улей и в город в тумане 
71,"Да, я молодой, но был еще моложе"
71,"Чтобы до вас донести хоть немного о ноше, которая тяготит"
71,Я словно залил уши ртутью вам всем
71,"Вам нравится то, что я, трутень, запел"
71,Из ста комментариев — десять лишь гнев
71,И то через десять дней у вас припев в башке
71,"И будто бы острым кинжалом, простите, я"
71,"Я знаю, что делаю, в руки бензин"
71,"Я надрывал голос, пока народ спал "
71,"Я жарю как молотов, бью как пчела"
71,"Я знаю, что право есть на один раз"
71,"Я знаю, что за меня вступится сквад "
71,Да мы с ребятами делаем мед
71,"Я танцую на сцене и меня ничто не спасет, нет"
71,"Да, мы с народом моим топим лед"
71,"Я знаю, кто будет со мной до конца"
71,"И мне плевать, что надоело. Надо делать"
71,Рой для своих — это закрытый клуб
72,"Рву рубашку в клочья всем, кто потревожит ночью"
72,"Рву живьём, смотря в глаза, я забираю в небеса"
72,"Я не святой, так не молись, ты тут как тут только свистни"
72,"Ты меня ждал, тогда раз два"
72,Бешеный взгляд и в руке цепь
72,Как же повезло проснуться с цепью на руках
72,"Я защищён, меня боится тронуть даже самый шлак"
72,"Попробуй поставить на место, я сам себе босс"
72,Каждый мой трек сам себе манифест
72,"Я показал, как не следует делать"
72,"Я удивил и расстроил, но время покажет"
72,Кто куда ляжет и с кем
72,"И рассказать о том, что творит время"
72,Что говорят и во что надо верить
72,"Я не святой, так не молись ты тут как тут только свистни"
73,Выхожу на сцену — звук моё оружие
73,"У меня своя любовь, я её задрипал"
73,"Мне нужна другая, но это не в рифму"
73,"Я хочу любить, а не этот трип"
73,"На мне азиатка, она пьёт вишневый сок"
73,"Новый сорт, да, мне нужен свежий сорт"
73,Глупые девчонки умрут в Рабице лет в двадцать пять
73,"Глупые мальчишки будут плакать, по шкуркам страдать"
73,"Вдарит своей тени, глупый школьник в паранойе"
73,"Всё это ради выгоды, будто бы Кай и Герда"
73,"Да-да, это лучший метод, полезу в такие недры"
73,"Истоки я не забуду, и сколько бы я там не был"
73,"Я мог убегать от камер, или прятаться от прессы"
73,"Гражданин сюда не суйся, товарищ, пройдёмте в лес"
73,Я вожу тебя по проволоке с разбитой булавой
73,"Ты не будешь под арестом, пока слышишь этот треск"
73,Мой самый лучший друг — это мёртвый домовой
73,"Собеседником твоим, снова станет — алкоголь"
73,"Где-то в городской черте, там за городской чертой"
73,Кину кости в мрак и холод
73,Я верю в разум и силу тока
73,Мы не одни в этом месте
73,Я мог убегать от камерИли прятаться от прессы
74,Тебе просто нужно усвоить две вещи
74,"Ты это не ты, когда у тебя изменено сознание, вот"
74,"Но, раз...раз уж ты в эйфории, то, не стоит об этом"
74,"Кричать всем подряд, а то, а то как-то глупо выходит"
74,Жизнь без отца или жизнь без отцов
74,"Сбитый режим, сотня пролитых слов или пропитых снов"
74,Где темно нет кругов под глазами
74,Я кричу — на мне метки от шутеров
74,Я бегу — на мне прицелы камер
74,"Почему оказался на сцене ты, друг"
74,Почему ты не хочешь быть с нами
74,Её парень готов бить лицо мне
74,Но при встрече просил бить фронталку
74,Тут и так как бы на выживание
74,Под толщью ресниц не следишь за зрачками
74,"Я помню, как она звонила мне ночью"
74,Праведный путь будто путь на ноже
74,"Путь на распутье, газ на вираже"
74,"Юзать в беспамятстве, чтобы быть видным"
74,Я танцую в пустом зале — это исповедь
74,Сложил душу в оригами — по уши в крови
74,Я случайно пару сотен чуть не подстрелил
74,Расскажу все по секрету — столик на двоих
74,"Уже не верю в твое слово, да я реалист"
74,Меня рвет от твоей жизни метаболизм
74,"Я уйду, не попрощавшись с теми, кто свои"
74,Они лезут в кошелёк как будто журнализм
74,"Я кинул тех, кого давно терял"
74,"Узнал о том, чего б не пожелал"
74,"Уснул с улыбкой, хоть и спать не стал"
75,"Не сижу на месте, будто болен-болен ОСД"
75,"Мои-мои-мои псы на поводке, ты на цепи"
75,"Мои силы на исходе, порешаю хоть на грани"
75,"Удивительный мир, тут меня не понимает"
75,"Тянут руки в эфир, пока отвечаю карме"
75,"Да, я воркаю, пашу, и мне это безумно нравится"
75,"Называй спокойно шутером, Вова не спит"
75,Разорву тебя как связи с той токсичной сукой
75,"Повиси пока на проводе, я делаю себя"
75,Он повесился на проводе — знакомо
75,"Отвали, мы с тобою не знакомы"
75,"Я воркал до потери пульса, пока кровоточит нос"
75,"И даже если не проснусь, я не утрачу голос"
75,"И я доберусь и до морей, я по пути сверну все горы"
75,Меня не держала лень и вряд ли остановит горе
75,"Мне сказали что закончу как Кобейн, но мне не двадцать семь"
75,Пока есть время делать — буду воркать до потерь
75,Я подкину дров и снова буду интересным
75,Я знаю различие между ложью и лестью
75,"Семь понедельников в неделю, все на месте"
76,"Я не дружу, блин, с головой"
76,"Каша в голове, но она стучится в дверь"
76,"Мне малая говорит, что свою жизнь считает дном"
76,Что каждый день почти абьюз со стороны дружеских уз
76,"И что в секрете утаить пытались — не смогли, смеюсь"
76,"Так красиво застывает, когда мысли о плохом"
76,"Не могу помочь себе, овладел твоим умом"
76,"Мне плевать на то, что чувствуешь ты, когда иду рядом"
76,"Твои люди, хоть и фейки, респектуют мой альбом"
76,"Даже если им зашло, я буду их худшим врагом"
76,"Беру за руку, выезжаем, посиди с закрытым ртом "
76,Мне надо докопаться — нет обещания
76,Ты мог бы купить хоть пару полицаев
76,"Это глупо, тупо головой мотать, отрицая"
76,"Мол: Зая слепая, не надо конфликтов"
76,Давай отойдем и решим путем мирным
76,Я знаю кто за спиной жестикулирует
76,"Руки в кармане, а я импульсивный"
76,"Вместо крови течет память, время — ветер перемен"
76,"Снова шляюсь по кварталам, здесь снует стая гиен"
76,За спиной сквозь омут страха тащу волокиту ног
76,"Не забуду, тех, кто как-то хоть однажды мне помог"
76,Но теперь ушел последний и сберечь не суждено
76,Как игра в одни ворота я тащу себя по городу
76,"Будто через болото, эта музыка мне лжет"
76,"Словно птица на асфальте, словно ангел без крыла"
76,"Я устал от всего трепа, чувства живы до утра"
76,"Продрал глаза, умою руки, уходи отсюда, тварь"
76,"Давно не сдыхал со скуки, закрываюсь, перестать"
76,"Да он зажиточный, кинь его на прожиточный минимум"
76,"Кинь его в муравейник ко всем уродам, кретинам"
76,"И я кричал: Это клиника, стой"
76,"Эти игры затянулись, ты привнес в них нигилизм"
76,Обречение двух судеб на привычный фатализм
76,"С глаз долой, из сердца вон"
76,"Стяну кожу прежней жизни, закатаю под бетон"
76,"Оторвать часть от себя, вместе с ней открыть замок"
76,"Груз упал, следы остались. На петле новый виток"
76,Цепь висит на шее плотно. Удушающий приём
76,"В беспросветном положении сидим, чего-то ждём"
76,"И наплевать. Открою двери, буду воевать"
76,Я найду во всех иуду. Гадов надо устранять
76,Пару дней еще побуду в состоянии не трожь
76,"Я уже натренирован, понимаю где-тут ложь"
77,"Скажи мне то, что я не прав"
77,"То, что я не прав, то, что я не прав "
77,"Сука, да, я знаю, что такое голод"
77,"Я знаю, сколько нужно мне сегодня заработать"
77,Чтобы прокормить всю свою банду нищебродов
77,Которые очень скоро захватят весь этот город
77,"Окей, скажи мне, если я не прав"
77,"Окей, скажи мне, если я не прав "
77,"Скажи мне, если я не прав"
77,Мы постоянно видим этот трэп и молим Бога
77,"Мы никому не верим, потому что слишком долго"
77,"Пытались кому-то верить, но люди того не стоят"
77,808-бордель устроили мои ублюдки снова на сцене
77,"И мы снова на сцене, но ты стоишь на коленях"
77,"Ведь чётко знаешь мой ценник, я не нуждаюсь в замене"
77,"Тридцать дней в неделю, каждый из них — понедельник"
77,"По тридцать дней в неделю, скажи мне, кто тут бездельник"
77,Тридцать дней в неделю и пустота на рентгене
77,"Тут погибают от лени, скажи мне, кто тут бездельник"
77,Меняю интонацию не только ради оваций
77,"Да, мой голос громкий, на хуй твою мотивацию "
77,"Знаю, как делу отдаться и не продаться"
77,"Я кричу, будто в рацию, и не хочу улыбаться"
77,Я пашу на себя и поделюсь с моим братством
77,"Я хочу, чтобы каждый, как я, мог одеваться"
77,"Не говори мне, что я тут забыл"
77,Не спрашивай зачем мы молим Бога
77,Все цепи на братьях давно в крови
77,Голоса кричат — я гуляю с психиатром
77,Три слоя одежды и мне никогда не жарко 
77,Три слоя одежды и мне никогда не жарко
77,"Мне себя не жалко, никого не жалко"
77,"Оболью следы, мой большой на зажигалке"
77,Наберу твоей команде и твои запчасти
77,Больше никогда не найдут на этой свалке
77,"Пахну свежестью и грустью, даже когда не вдвоём"
77,"Шея под замком, я танцую босиком"
77,"Белая рубашка, я на городском "
77,"Реквием по снам, я вспоминаю чудеса"
77,"Мне снилось то, как надо мною рушится красный закат"
77,"Я тоскую по местам, я смотрю по сторонам "
77,"Пустыня из бетона, за мной гонится ржавый пикап"
77,Забуду адреса и потеряюсь в городе
77,Рассвет меня ведёт и всё будто в фаст-форварде
77,"Я всегда на проводе, художник будет голоден "
78,"Бездомные в пьяном угаре, спят у дверей"
78,И этот бренный мир откинул страшную тень
78,"Жители жилого комплекса закалены, ничего не боятся"
78,"Среди хулиганов, уродов и массы скитаются в поисках кассы"
78,"Возможно, сосед мой от власти скрывается"
78,"Может, вахтер тот — серийный убийца"
78,Ведь истину не легко прятать под маской
78,"Мы видим то, что не видели другие"
78,"Я узнал все, что многим запретили"
78,"Это не конец — все, что происходит"
78,Многое спрятано — кто чего откроет
78,Двадцать первый век — такого мы не ждали
78,Один как все и все как один
79,"Я ругаюсь сквозь зубы, горы битой посуды"
79,Ссадины и синяки стали твоим другом
79,"Тьма вокруг глазницы, фам-фаталь вместо подруги"
79,Солипсизм пустил меня по кругу 
79,"Он же был как брат, да он мудак, забей, не то это"
79,"Неужели ты, блять, рад? Сука, нет путей назад"
79,Они почти что на коленях просят моих извинений
79,Но твой дом не станет домом мне
79,"Все иначе, как два брата забивая на своих"
79,Не найдешь пути кроме как в ад
79,"Я не прощаю тех, кто смел мне врать"
79,Это дисс на моих бывших дам и моих бывших братьев
79,"Да, мне наплевать на то, что я сам врал, верил, драл других"
79,"Мне плевать — таких, как ты найду пятьсот, да и любых"
79,Еще один шаг и я втащу
79,Мне не плевать на моих фанов
79,"Но если ты видишь, что мне нереально херово"
79,То смысл тащить меня в спальню
79,"Нигилизм, эскапизм, солипсизм — это я"
79,"Осознание потерь — причина, следствие тоски"
80,"Я не знаю, что из себя представляю"
80,"Я не понимаю, о чем я думал, когда выбирал"
80,Игнор длиною в вечность от тебя меня достал
80,И кто из нас может сказать
80,И перепутал чувства с мимолетным состоянием
80,"Я выкинул из головы, забыл, не смел писать"
80,"Хочу в Москву, но меня любят только дома"
80,"Но я знаю, что та, кто дорожит, скоро уедет в Лондон"
80,От счастья до мы просто знакомы
80,О ненависти к чувствам вне закона
80,"От поцелуя в шею, до ударов по щекам"
80,"От ударов я сильнее, и тебе больше дорог"
80,"Я бы уехал в Лондон с тобой, но не хотел брать на душу грех"
80,"Как же я хочу свалить, вслед за тобою, хоть меня ждут в Москве"
80,"Добро пожаловать в клуб Я один, вас сотня"
80,"Ты где-то там там танцуешь, настроение — тупо сдохни"
80,"Ты злишься, что я не стесняюсь настроения"
80,Не хочешь говорить и запиваешь все это водкой
80,"Я срываю голос, ты срываешь цепи"
80,А нафиг я пришел с корабля на бал
80,"Завтра расскажи о том, что я как будто цербер"
80,"Нам двоим надо забить на тех, кто с нами спал"
80,"Нахер тебе нужен тот, кто сбережет"
80,Свали из моей жизни и вернись
80,"Да он творческий, не надо его брать всерьез"
80,Я не буду тратить неиссякаемый запас
80,Чтобы бегала как хвост и разрешала согрешить
80,"И то, что сделал декаданс со мной — это конец"
80,"Но близкий скажет: Вова ты, конечно, молодец, но что же дальше"
80,Все это не похоже на игру
80,"Я говорю себе: Какого хрена, Вова"
81,Чтобы бас сносил всех на пути
81,Тащи его к нам в круг
81,"Дави асфальт, ломай, давай под хук"
81,Кружись под восточный бит водосточных труб
81,Выключаем свет — пускай огонь горит
81,"Она зароллит сплиф, мы узаконим стиль"
81,"Я на танцполе кручусь, пока свет моргает"
82,"Походу, я снова проснусь не дома"
82,Я как будто бы опять спаситель
82,Этот лес — это моя обитель
82,За чужого друга лучше не молитесь 
82,"Я сделал себя сам, вопреки тем голосам"
82,"Говорили, мол, мал, но умён не по годам"
82,"Иногда ломал тех, кто судил по волосам"
82,"Но вылечивал тех, кто не шарит за техно"
82,"Крики на районе, но я умиротворен"
82,С разбега снова с корабля на бал
82,С разбега улетаю прямо в рай
82,"Не смей звать репером меня, шакал"
82,"Заткнись, в двадцатом веке я бывал"
82,"Худой, убитый, слух опять на ноль"
82,"Сырой от холода, умру от голода"
82,"Я жду момента, чтобы стать тишиной"
82,"Британский бит снова делаю сам, дома"
82,"Из окна тот вид, что не увижу снова"
82,"Стать свинцовым, с марса в рабство"
83,Я могу писать о многом — о хорошем
83,"О плохом могу писать, что верю в Бога"
83,"Я сияю, но ты так и будешь дураком"
83,Как же тусишь ты так жестко
83,Тру — это не три полоски
83,"Тру — это тогда, когда в друзьях со своим мозгом"
83,Разорвем все в прах и пыль
83,"Пускай падал снег на ксиву, а деньги падают на счет"
83,"Я по жизни агрессивный, два-ноль-один-девять год"
83,"Мы по жизни на ухмылке, обесточиваем сеть"
83,"Мы по жизни на ухмылке, Вова, нафиг так висеть"
83,"Я по жизни на ухмылке, обесточиваю сеть"
83,Я на тусе всегда самый-самый трезвый
83,"По оскалу вразуми, что я устал и меня каждый тут задрал"
83,Глаза в потолок — так отдыхает Вова Куок
83,Что ты сделал чтобы стать как я
83,"Как же объяснить тебе, что свою жизнь ты строишь сам"
83,Заберусь на сцену будто в храм
83,"Покажу, как надо рвать тем обезумевшим сынкам"
83,Мы гуляем в Петербурге на ухмылке тупо в хлам
83,"Растоплю твою душонку, мысли станут как река"
83,Солнце светит очень ярко и в глазах моих искра
83,Я вдыхаю кислород и выдыхаю СО2
83,"Утром погружаюсь в свежесть, ведь вокруг меня бензол"
83,Чтобы жить с тобою рядом я кручусь как колесо
83,"Мои люди говорят, что меня уже не спасти"
83,"Мои люди говорят, что образ жизни — деструктив"
83,Я устал и меня надо унести
83,"Я устал, но чую, что мне хватит сил"
83,"Одним махом убегу и испарюсь, эй"
83,"Параноик хочет скрыться, я над этим не смеюсь"
83,"Эй, обещаюсь, что я не вернусь"
84,Две тыщи километров — как быть
84,"И я еду, чтобы снова любить"
84,"Мне казалось, будто я совсем один"
84,Но мне пофиг — моей девочке нужен блондин в цепях
84,Чтоб явиться с чемоданами и побыть в гостях
84,"Даже если буду на нуле, что возможно"
84,"Я примчусь, как на подбитом крыле, осторожно"
84,"Я ворвусь, как будто странный сосед, что мешает спать"
84,"Самый лучший день, как день сурка"
84,Крики под гитары красят вид из окна
84,"Знай свой лимит, но пока никак"
84,"Нам улыбнутся, ведь сияю с тобой"
84,"Никаких забот, я не закрываю рот"
84,"Боже, как я не хочу домой"
84,"Мои люди не спят, даже город ко сну не готов"
84,За руку до дома в гетто в шесть часов
84,И я еду по МКАДу мимо серых домов
84,"Только с вами я оффлайн, к черту все свои дела"
84,"Просыпаюсь от того, что дышит в ухо одна"
84,"Через день сон будто тень, я просыпаюсь один"
85,Я забил на связи как-то раз
85,Я бы поимел эту шайку за братство
85,"Сколько индивидов, бря, искали со мной родство"
85,"Я вас избегаю, ненавижу, будто рабство"
85,"Я их обманул, я не оставляю шансов"
85,"Делаю красиво, да, я — эмо, но не плакса"
85,"Передвигаюсь тихо, чтобы ты не догадался"
85,Цепи на запястье украсят её наряд
85,"Держу руки рядом с шеей, чтобы ты не убежала"
85,"Но я знаю, что ты дашь мне совершить обряд"
85,Посадил на цепь — она рвется
85,"Сорок ударов сердца, сорок минут до солнца"
85,"Классно будет тому, кто последний засмеётся"
85,Я за тебя — буду бить не глядя каждого боя
85,"Я говорил это не раз, я разошёлся с головой"
85,"Я ослеп и я не вижу, тает смысл твоих фраз"
85,"Да еще не факт, что с тобою одной касты"
85,Вова не привык что-то ныкать мимо кассы
85,"Я неприкасаем, будто демон — это факт"
85,Мысли — показуха для таких же глупых пацов
85,"Байнари был так, чтобы делать декаданство"
86,"Цепи на шее, зубы из стали"
86,"Я не хочу домой, останусь в бункере на веки"
86,"Я всё ещё живой, хотя на дно тянутся веки"
86,Команда молодых сотрёт ноги под моё соло
86,"Я танцую будто сломанный, убитый на танцполе"
86,"Я забуду напрочь, на что белый цвет похож"
86,"Разорву танцпол, тут дозволен произвол "
86,Я со своей судьбой опять играю в баскетбол
86,"Всё покрыто тайнами, замесы не случайны"
86,"Если нас заметят, захотят угнаться с нами"
86,"Нам некуда идти, тут рассвет не за горами"
87,"Я теряю друга, память освежит мой пыл"
87,"На тебе поставлен крест, я смог бы сэкономить сил"
87,"Ты убил всю веру, этим себе навредив"
87,"ты кинул самых близких, даже тех, кого любил"
87,"Я прикрывал три года тебя, я потратил много"
87,"Я хотел помочь, ты стопудово помнишь ночь"
87,"Когда я спас тебя от смерти, но ты испарился прочь"
87,"А че не помнишь, как все было"
87,"Бегая по блоку, будь готов ловить лицом люлей"
87,"Я не привык к гостям , но я готов радушно встретить"
87,"На улице никто ты, хоть и трушка в интернете"
87,"Мои люди — боги, делай ноги, пока не сломали ноги"
87,"Смотри, не попади в капкан, ведь за тобой мой сквад"
87,"Быстро на колени, или испарись навеки"
87,"Все что было — было, и меня это не парит"
87,"Важный скилл открылся, и я поменял сценарий"
88,Небольшой командой едем мы в страну прогресса
88,"Эй, стоп. Вновь остановило модное агенство"
88,Я спокойный — они зовут меня Будда
88,Чем ты за свою жизнь выпил джина
88,"Худой, как труп, но я живой идол"
88,"Я нашел свой дом, хоть телом далеко"
88,"Вова, иди сюда, иди сюда, иди сюда"
89,Девочка в белых 'сиягах вертится рядом со мною
89,"Кепка да худи сияет, явно недорого стоит"
89,Явно с шестнадцати лет код ее вышел из строя
89,"Принципам не изменяю, но почему-то расстроен"
89,"Где же мы, где же мы, всё"
89,"Под удары техно всё забудешь, прости меня"
89,"Забываю имена, забуду как всё было"
89,"Пока мы молодые, я давно не молодой"
89,"Это неподкупный образ, ты качаешь головой"
89,"Не уйти от паранойи, что за твоим поколением охотится"
89,"Порой я вижу тень, я не бегу, я наблюдаю наяву"
89,"Что захочу — то и беру, кладу ладонь на кобуру"
89,Каждый божий день нахожу себе мишень
89,"И я испарюсь, ведь топлю за здоровье"
89,"О, нет, пора, она лыбится, будто бы трипится в мясо, мне стало все ясно"
89,"Она хотела бы двинуть на рейв, но в таком состоянии это опасно"
89,"Все эти дети давно обесцененны, все эти люди опустошены"
89,"Все дети давно обесцененны, все эти люди опустошены"
90,Но каждый раз вынужден быть исключением
90,Будто бы рос ты среди дураков
90,"Всегда свой среди своих, необычный псих"
90,"Декаданс у нас в крови, но живее всех живых"
90,Все боятся быть замеченными в городе немых
90,"Приглуши серотонин, ведь мест не хватит на двоих"
90,"Я не там, где солнце, земля и чистый воздух"
90,"Я среди заброшек, отрицаю чей-то возглас"
90,Я сжимаю твои руки и залью твой рот вином
90,"Не смотри в глаза, ведь ты провалишь блиц опрос"
90,"Я сижу в подъезде, отрицаю твои вбросы"
90,"Я тебя не трону, я все это перерос"
90,Без тебя я будто без эмоций
90,Я ещё не выучил тебя наизусть
90,"Расскажу об этом шёпотом, расправлюсь без бита"
90,"Тайною окутан, пробираюсь через пустой зал"
90,"Если бы я мог, я бы забыл тебя и замолчал"
90,"Я хочу существовать, чтобы никто не замечал"
90,"Помаши руками с нами, мои глазом не моргнут"
90,Тут бездействие превыше распускания твоих рук
90,От тебя одно название и то не из-за заслуг
91,Я будто прыгнул с высоты панельки со времён совка
91,Я как будто сам не свой
91,Обречен дышать дипухой в купе с пылью городской
91,Мои закидоны — будто ад во плоти
91,"Я строю плотину, чтобы вас утопить"
91,"Плати по счетам, беги, Форест Гамп"
91,Я в ярости мысленно рушу план
91,"Грязь не смоешь, сам не свой"
91,"Отдай это нам, я подкину это в рой"
91,Кто-то покидает эту жизнь под вой
91,"Пока народ считает это нормой, то все праведно"
91,"Нету смысла верить, это как в лоб гравием"
92,"В моих мыслях лес, я поражен своей болью"
92,"Ненавижу стресс, мне честно тут неспокойно"
92,"Мною крутит бес, я отдавал себя полностью"
92,Я лежу в сухой траве и поджигаю спички
92,"Да мне делать нехуй, вот тебе и хобби, хоть и вычурное"
92,"Я чиллю в полном одиночестве, прикуривая свечкой"
92,"Я мог бы делать деньги, но ведь мне все нипочем"
92,"Я грущу по ней так сильно, слезы бьют будто ручьем"
92,"Отражение ненавижу, мой портрет бычком прожжен"
92,"Рассказал бы интересное, но было бы о чем"
92,Я мог бы все забыть как сон
92,От моей боли затихало пение птиц
92,Не умею я прощать не видящих границ
92,Когда я счастлив был не помню
92,Да мой мир вдавлен в подошву
92,Ты забралась ко мне под кожу
92,"Я нашел себя, больше ничто не колышет"
92,"Я не чувству той боли, да, я ничего не слышу"
92,"Пофиг, хватай кэш, пока дышит, твои страхи — моя крыша"
92,"Обожаю тратить, но любовь не купишь"
92,"На любую прихоть хватит, Вова снова платит"
92,"Свою боль запрячу в дым, и ты ничего не скажешь"
92,"Вова не умеет плакать, Вову не пробить"
92,"Да, я индивид один — на сотку за глаза любить"
92,"Вова — саморазрушение, образ не забыть"
92,Залечиваю раны лишь по-глотку в море
92,"Меня видно в темноте лишь по глоку, сорри"
92,Я залечиваю раны лишь по-глотку в море
92,"Лучше одному, чем в стае озабоченных"
92,"И я срываюсь, так и есть"
92,"Я старался что-то делать, но все тщетно"
93,"На, попробуй, пробуй, пробуй, твою мать"
93,Улыбаюсь во все тридцать два зуба
93,"Как же так, я не видел друга"
93,"Я теряю круг, я — аутсайдер, вьюга чувств"
93,Сносит будто бошку своим глупым плугом
93,"Я кидал, но я был не меток"
93,Я не помню своих нервных клеток
93,"Я не верю, что ты мог так глупо"
93,"Да, походу я не видел веры"
93,"Но я сам верил, что-то будет"
93,"Ты в команде с теми, кто тебя погубит"
93,"Я не знаю, почему, не честно"
93,Ты же не воскреснешь — это фейл
93,"Твой друг — гад, показал драг"
93,"Я бы дал шанс, ты меня забыл"
93,"Тебе просто пофиг, раньше ты любил"
93,"Ты забил на время, утонул в квартире"
93,Уходя из дома не забудь дорогу обратно
93,"Все, что делал без меня — ты делал аккуратно"
93,"Все ты повзрослел, но обгоришь неоднократно"
93,"Все что говорил, ты говорил уже невнятно"
93,"Я смотрю на отражения себя, невероятно"
93,"Но мне больше повезло, и ты не смог меня тащить на дно"
93,"Я не вернусь, это конец, ведь сил иссяк запас"
93,"Я хотел тебе помочь, но ты себя еще не спас"
94,"Я бы не спалил лицо, но не могу иначе"
94,"Я уже не помню скуки, придержи своих псов"
94,"Цепи до зубов, чтобы ты спросил"
94,"Перстни на пальце - угадай, зачем"
94,"Тараканы в голове - угадай, зачем"
94,Это все дабы я мог избегать проблем
94,"Перстни на пальце — угадай, зачем"
94,"Тараканы в голове — угадай, зачем"
94,"Мне жаль, что я дышу с тобой одним потоком"
94,Я выбрал тратить время на себя и верить в Бога
94,"В того, что выдумал вчера на хате вместе с Куоком"
94,"Разбиваю ее психику цепями, не пройдя экзамен"
94,"Окажусь на улице, но вечно будут занят"
94,Звоню Сане чтобы наказать Харуки Мураками
94,Я танцую в Амстердаме и не попадаю в такт
95,Я угоняю тачку и кричу им Залезай
95,"В кольца попадаю, пока пью зеленый липтон"
95,Ты мутишь что-то типа фу бля
95,Что ты прячешь в носке? Я знаю
95,"Я видел кучу трэша, мясо, знает моя зая"
95,"На блоке есть законы, мы немного правим правила"
95,"Дропай пушку, дропай, парень, свое тело"
95,"Время прятать харю, если ты тут не по делу"
95,Ведь за этот год от стресса мое лицо исхудало
95,Если двигаюсь на скорости — придерживаюсь плана
95,"Навешивали мне веры, но я хотел быть другим"
96,"Вы меня простите, я уже не верю в сказки"
96,"Я был аккуратен, появлялся только в маске"
96,Я всю жизнь в камуфляжной окраске
96,Из подручных средств я сделал себе мир
96,Год дракона мне об этом сразу говорил
96,Как ты таешь прямо на глазах
96,"Я стал главой стаи, больше нет пути назад"
96,"Да я растворяюсь, покидая всех и сразу"
96,"Смотри на меня, и не повторяй"
96,"У каждого есть друг, но мне не доверяй"
97,"Пять утра, я невнятно смотрю на рассвет"
97,"Убедившись, что не в облаках, заберу компромат"
97,Среди десяти тел без сознания валяясь
97,Я не нахожу ни одной из утрат
97,"Мне не грустно мечтать о плохом, но мне жалко жить так"
97,"Пальцы колотит, не могу набрать номер"
97,Я и так по жизни Хатико
97,"А, кстати, верни мне мое время и силы"
97,Я тебя просил не трогать эту святыню
97,Да и ты могла бы уже выучить разницу и предпочтения мои по поводу имени
97,Вова — кто-то пишет мне в личку с просьбой о помощи 
97,"Будь человеком, что игноришь, как овощ"
97,"Мир буквально все, к чему мы прикоснулись"
97,Все это мне напоминает сон или кино
97,"Я пришел, когда темно и уйду, когда солнце встанет"
97,"Влюбленным пустым взглядом смотрю в окно, понимая "
97,Что я уже ничто не понимаю
97,"Тревожным образом пишу стихи я в блокнот, боясь"
97,Будто боюсь спалиться и меня трясет
97,"Смотри, я в рэп игре, привет, полиция, да нет же, что вы"
97,Я не пишу про власть или про наш народ
97,"Маска? Да это так, чтобы закрыть рот другим"
97,"Хаски? Да я его лично не знаю, честно"
97,"В каком смысле, задержан, за то, что не ношу ваш крестик"
97,"Хотите, могу пояснить за шмот мой"
97,"Руки не ломайте, я просто тащусь домой"
97,"Лучше просто отпустите, я так устал"
98,"Бывало всякое, мы проходили многое — сам осуди"
98,Но меня это не торкает с двадцати
98,"Мне нравится, что вам что-то не нравится"
98,Я поставил самый дорогой их саунд-бар 
98,"Всё, что надо к этому блюду — соус"
98,"У меня есть, не ищи другого"
98,Мой голос ей будто бальзам на уши
98,Её косы в моих руках будто варежки
98,Ты так сильно кого-то напоминаешь мне
98,"Хоть плохо помню, как я раньше звучал"
98,Но одно правило при мне — я не держу вокруг себя сучар 
98,"И кое-что ещё останется со мной, чел "
98,"Меня в детстве укусил хип-хоп, чек"
98,"Больше не андерграунд, ведь когда-то я вовремя понял"
98,Куок — это на голову ёбнутый повар
98,"Её кожа как лотосы, и я хочу продолжения"
99,"Мошпит дал угла, всё горит дотла"
99,Тебе не удрать из этого котла
99,"Я те ору: Братан, этот клуб — капкан"
99,"Всё горит до тла, всё горит дотла"
99,"Да не ори, братан, разомни капкан"
99,"Круг распространяется, да так, что я ебал"
99,Всё замешано в один бесконечный концертный зал
99,"Я в этом музле, будто я Боб в Бикини Боттом"
99,"Не оттого, что я художник, я всегда голодный"
99,"Ты не в курсе, кто я? Блядь, это я не знаю, кто ты"
99,"Я попадаю в чарты, но не попадаю в ноты"
99,"Она на мне, как джерси, не знаю, чё с ней "
99,"Не в себе, ну и чёрт с ней "
99,"Вызываю в ней чувства, вызываю ей чёрта"
99,"Породил игру и выебал, это инцест"
99,"Мошпит дал угла, всё горит дотла "
100,"Он просто говорит, и все следят внимательно"
100,"Он был всегда аутсайдером, на шаг впереди других"
100,"Деньги не падают с небес, добыл их с кровью"
100,"Музло мне заменит секс, давно не трахаюсь с любовью"
100,"Он был всегда аутсайдером, и это того стоило"
100,"Мне похер на здоровье, если дело много стоило"
100,"На мне малышка, я не помню, как зовут её"
100,Но она знает наизусть всю мою предысторию
100,"Приму это за данность, не победа, но зову Виктория"
100,"Завтра останусь дома, даже не оставлю номера"
100,"Слегка на палеве, где-то в Испании, сижу под пальмами"
100,"Закрой свой рот, ты знаешь моё имя"
100,Меня не парит эта хуйня 
100,"Когда пишу голос, то молчат соседи"
100,Ты бы не смог осилить мой дрип даже на Хэллоуин
100,"Я на пять с плюсом, на мне сука как Ким"
100,"Её заводит, что я ёбаннный фрик"
101,Я ничего не могу с этим поделать
101,Я ничего не могу с этим поделать 
101,"Мне похуй на всех остальных, я хочу, чтобы ты танцевала на мне"
101,"Я сделаю всё для того, чтобы в итоге тебе было похуй на всех"
101,"И ты танцевала на мне, и ты танцевала на мне"
101,"И, на мне, и, на мне"
101,"Ты танцевала на мне, похуй на всех"
101,"Приедь ко мне, приедь ко мне"
101,"Как будто в школе, вокруг меня не будет девок"
101,Как будто что-то вызывает чувство гнева
101,"Мне будто пофиг, но она со мной из-за денег"
101,"Я был в стельку пьяным, мне пеленило это глаза"
101,"Видел её душу, но пленил меня её зад"
101,Мы будто в том фильме — тут ванильные небеса
101,Я даже не видел мотива с её стороны меня как-то узнать 
101,"И если бы ты была первой здесь, но их было даже не две"
101,"Я рад, что ты уже едешь, я не буду запирать дверь"
101,"Забудь все свои проблемы, сделаем вид, что этого нет"
101,Ты заслужила всё моё внимание 
101,"Я сделаю всё для того, чтоб в итоге тебе было похуй на всех"
102,"Соседи в ахуе, ведь они знают"
102,"Я не уверен, что это от голода"
102,Захожу в хату — она уже голая
102,Но через день у меня будет новая
102,И через день у меня будет новая
102,И через день у меня будет новая 
102,Сука в инсте хотеть на концерт
102,Не надо пиздеть — она просто хочет хоть раз побывать на моём конце
102,"Чисто на рандоме, будто это Мортал Комбат"
102,Подойду сзади и схвачу за волосы
102,"Это как спорт, надо быть всегда в тонусе"
102,Какой-то пацан мне напишет с угрозой 
102,На моих ублюдках всегда только новое
102,Валим по улице — крутятся головы
102,"То, что на мне — неебически дорого"
102,И что подо мной — неебически дорого
102,Я будто бы всех перепробовал в городе
102,Но через день у меня будет новая 
103,Роют в моей голове — там щепки
103,"В себе, что отнюдь не редкость"
103,"И будто бы сон всё то, что пережил"
103,Я хотел бы летать во времени
103,"Прими тот факт, что ты уже как труп"
103,Есть пара мыслей по этому поводу
103,На свою голову есть пару мыслей
103,Пятый раз за ночь в поту
103,Просыпаюсь в аду — искупаю грехи
103,Есть пару мыслей на свою голову
104,Кто будет крайним и кто будет плакать
104,"Метаю себя на дальность, и снова в крайность"
104,"Не всё так просто, что гениально"
104,Я просто пашу не в себя и трачусь
104,"И мне снится, всё могло быть иначе"
104,"Напишу трек о том, что парит"
104,"И впарю на лям за неделю, внатуре"
104,Ведь на своем горе не сделаешь бурю
104,"Заруби на носу, мои руки трясутся"
104,"Но уже понимаю, кто друг, приятель"
104,А мой кореш лежит в гробу
104,"И мне снилось, что всё могло быть иначе"
104,Ради них я готов и на ад
104,"Те, что в Праге — моя семья"
104,И ради них я готов на ад
104,"Ведь только Бог знает, что да когда"
104,И кого из нас не станет завтра
104,"Ты знаешь, чья крыша едет? Моя"
104,Ну а кто за это в ответе
104,"Может, ты или тот урод, кто виновен"
104,Что кореш мой на том свете
104,Я не сплю уже третий год
104,И сейчас хочется выть на луну
104,"В купе с тем, что мне трудно дышать"
104,"Может, я и со мной ты"
104,Кто-то не спасал меня от лести
104,"А теперь я не желаю быть с такими же, как ты"
104,"Что хуже — не хочу друзей, как я"
104,"Я просто так устал, и я ни капельки не пьян"
104,И нету чувства хуже жажды глупой мести
105,"Строй глаза, но ты нужнее им"
105,Но я не бываю в хлам
105,"Не один, но не тяни свою подругу"
105,Кого она хочет совратить луком из ЦУМа
105,"Помоги тому, кто никогда не будет другом"
105,"Ты будешь винить меня, но это будет утром"
105,"Ты стреляешь номер, пока я роняю звуком"
105,"Для таких, как ты, я необдуманный поступок"
105,"На тебе бриллианты, на мне порванная куртка"
105,"Больше мы не увидимся, это видно"
105,Но я не запомнила твоё имя
106,"Лишь бы танцевать, если хочется танца"
106,Но у нас не было шанса
106,Мне так хотелось освоить телепортацию 
106,"Задвинуть шторы, знать, что мы дома"
106,Смотря в твои глаза — вижу свои глаза
106,"Печально, что я только сейчас это осознал"
106,"Когда прощались дома, будто не в последний раз"
106,Я бы обнял тебя и сказал
106,что смотря в твои глаза — вижу свои глаза
106,"Боже, дай мне возможность хотя бы не забывать"
106,"Ну как ты там одна, в небе"
106,"Я все тот же одинокий, в поиске человека"
106,"Мне было очевидно всё, когда мы были вместе"
106,"И я рад, что ты не сможешь понять мои песни"
106,"А я не найду найду ответа, не зная контекста"
107,"Я видел во сне, что нас нет и не будет"
107,"Нас нет и не будет, нет"
107,Я закрываю глаза и чувствую губы твои на ключицах
107,"Ведь увижу во сне, что нас нет и не будет"
107,"Нас, нас, нас нет и не будет"
107,"Нас нет и не будет, нет "
107,"Рассвета не будет, не будет "
107,"Нас, нас нет и не будет"
108,"Я обещал маме, что сделаю кислее карту"
108,"Я подотру твоим флоу свою жопу, ведь ты лопух "
108,"Удар вилки, со мной ща четыре дырки"
108,"Какого хуя ты так много базаришь за дрип, которого нихуя нет"
108,И я ёбнул с ноги рэп-игре между ног 
108,"Мой флоу слишком белый, даже бесит, вот это палево"
108,"Подкурил и взвесил, чтобы ты понимал"
108,Он лёг в один удар — называй меня Сайтама
108,"Я выведу из зоны комфорта, сигарету поджигает конфорка"
108,"Они думали, я дуну за борт, какого-то чёрта думали, я забил"
108,"Тут они были правы, я забил и уже два, но почему-то я хочу ещё один"
108,"С годами перестал хотеть всем делиться, если меня не окутывает дым"
108,"Пакую все мысли в столбик, бит подошёл, и он долбит"
108,"Заменю имена, положу на аккорды, но они кого-то напомнят"
109,Какой из них родной мне? Я уже не вспомню
109,"Я не вижу друга, даже когда мне сложно"
109,"За окном дорога — это значит, я дома"
109,Среди путей-паутин вновь ускоряю свой шаг
109,"Просто хочу не забыть, что этот шум не навсегда"
109,"Маяк замигает в ночи, лодка найдёт свой причал"
109,Хватит ли мне тогда сил? Боль отпустил
110,"Знаешь, мне для счастья в жизни многого не надо, правда"
110,"Меня музыка спасает, как скафандр астронавта "
110,"Бит и бас качает сердце, как электрогенератор"
110,"На прохожих сквозь очки смотрю, как сквозь иллюминатор "
110,В наушниках по району пройду все чёрные дыры 
110,"А после долгий путь домой, где километры и мили "
110,Хочу отдать на танцполе свои последние силы 
110,"Во мне так много минусов, но есть один огромный плюс"
110,"Не чувствую свой пульс, к этому и стремлюсь"
110,"Пускай музло играется, играется на полную"
110,Для этого и создана музыка стадионная
110,"Дорога в никуда ведет, я на это ведусь"
110,"Меня это не калит, я как резиновый"
110,Вот мои друзья из канавы серотониновой
110,Мне не бывает плохо — уже ничего не чувствую
110,"Я на танцполе боженька, рай однозначно — музыка"
110,В пепел как феникс на рассвете
110,Чтоб показать кто лучше всех 
111,А я опять попадаю в этот трафик
111,"Не могу уснуть, снова сбил свой сранный график"
111,"Демоны молчат который день, не нужен нафиг им"
111,"Кто-то там следит за мной, находится за кафелем"
111,"Я хочу всё время спать, я дышу клафилином"
111,"Не хочу болеть, я не могу так тупо сгинуть"
111,"Я вижу рассвет, он такой кровавый"
111,«Но выглядит здраво» — кто-то скажет
111,"Тут кругом отрава, но зайдёт с приправой"
111,"Над головой тучи, под ногами лава"
111,"Мы умеем гореть, мы умеем плавать"
111,Я не знаю слова дефицит 
111,Мои парни поднялись не на ставках
111,"С бизнес жилой, будто у вьетнамцев"
111,"Даже в восемнадцать лет понимал, что у меня вырастает панцирь"
111,Для тебя я тупо музыкант 
111,"Никто не знает, чем приходилось заниматься"
111,Даже мои близкие не подозревают 
111,Какое отношение я имею к марокканцам
111,Меня выдаёт только пугающий акцент 
111,"И то, когда я в гневе и ругаюсь на испанском"
111,Я не понимаю как я двигался в тени 
111,Если у меня сейчас только залы и овации
111,В гостях у барыги во время облавы
111,Клад с восемнадцатым глоком под тачкой
111,Знаю кто в городе банчит людьми
111,"Мне нечего добавить, я ничего не знаю"
112,В который раз подряд погаснет в спальне свет только под утро
112,Будто менту будет за своё гнуть
112,"Но ты веришь, что я это выдумал"
112,"Так проще, и знаю, не суть"
112,"Но этим и пользуюсь, трюк этот выкупил"
112,"Где был? Ты знаешь, на студии"
112,"С кем? Там такие же люди, как я"
112,"И не надо листать переписки, чтобы узнать, как изменял"
112,Не дам за любовь и фунта
112,"К чёрту интриги, мы на одном пути"
112,"Я, ты, мы — никакой игры"
112,"Мы не верили, да мы и сами купидона обыграли"
112,"Смеёшься, но в твоих глазах видно, насколько печальна"
112,"Ты немного другая, ведь в твои глаза я конкретно впечатан"
112,"Ты немного другая, я помню: я это не понял вначале"
112,"Ты другая, я сравнивал тебя с другими ночами"
112,Рано или поздно они все погаснуть могут
112,А если мы тоже? Вряд ли они нам помогут
112,"Я счастлива, ты — кайф по коже"
112,"Огни погасли, но мы и без них прекрасны"
112,Всплывает вопрос: Когда же я был воистину счастлив
112,"А в мыслях, как кинолента, пролетит минувшее лето"
112,"Скажу тебе на прощание, но тебе покажется бредом"
113,"Сначала пьёт саке, а потом прыгает на мне"
113,"Иногда я ощущаю себя, будто Элвис Пресли"
113,"И я купил всё за неделю, всё, что не найдёшь нигде"
113,"Сначала пьёт саке, а потом прыгает на мне "
114,Помоги мне с ума не сойти
114,"Помоги мне, помоги мне с ума не сойти"
114,"Помоги мне, помоги мне себя найти"
114,"Я всё потеряла, я всё потеряла"
114,Я не смогу тебе помочь теперь
114,"Прикинь, умрём и не оставим след"
114,"Глупо вышло, но мы в земле"
114,Теперь мы — удобрения и будем тлеть
114,"Далеко зашли, теперь нет пути обратного"
114,И поменять тебя — уже на стадии принятия
114,"Бежать без сил, пока ещё не поздно"
115,"А я готов и будто наспех, наспех"
115,"С головой и будто насмерть, на спор"
115,И почему-то мне казалось всё однообразным
115,"Итак, предам свой внутренний богатый мир огласке"
115,Какая-то шкура мне щас снова строит глазки
115,Кто если не я сейчас поступит как мудак
115,"Дай руку, кто-то нагадал, что ты сегодня не одна"
115,"Смотри, вот мой тебе подарок, будь добра, выпей его до дна"
115,"Шкура, твоя лагуна мала для моего судна"
115,"Походу, тебе придется полюбить меня, как своего друга"
115,"Но сука считает зря, что образ её — суккуба"
116,"Вкрадываюсь в голову твою, теку по венам"
116,С этим параллельно порчу себе гены
116,"Я потрачу состояние за день, наверное"
116,"Теряю пыл, время и силы, я тону, утопаю"
116,"От давления со всех сторон, да ну"
116,"Давно уже доверил, что имею всем вокруг"
116,"Понимаешь? Я не исправлюсь, таким всем нравлюсь"
116,"Помни о чужих ошибках, повторяй свои"
116,"Превращай все плюсы в минусы, потом — в нули"
116,"Признавайся всем, кому не лень в своей любви"
116,"Ведь всё, что ты хотел — быть принятым людьми"
116,"Горит, твой бокал уже горит "
116,"Ори, расскажи им, что творил "
116,Какая разница? Ведь всем так нравится
117,"Крыша едет! Дом под снос, ни к чёрту"
117,Я пускаю корни в рот твой
117,Я дышу но вроде бы не жив
117,"Я кручусь, но бесят взгляды лживы"
117,Ну когда же во мне вымрет
117,"Бездна это жизнь, я знаю, правда"
117,Я дышу с тобой на ладан
117,"Коли волк, то вой как надо"
117,"Погибает вся родня, спасибо что жива хоть мама"
117,"Деда рубит, но не старость, больно наблюдать мне, правда"
117,Я не верю в эти сказки
117,"Блять, и чё чё  чё"
117,На счет кап кап как каперу
117,"И кап всегда до края, мой"
117,Так хотел на фит ко мне
117,"Ебу кто ты, кто он, кто дэн, кто куок"
117,"Пау пау, удар с двух ног - мунволк"
117,Собрал косарь в москве за год
117,"Твой клик - ква ква, твой скенг - мяу мяу"
117,"Мой - слух, мозги и аблетон"
117,"Ваш биф как суит нутелла, сука"
117,"Чтобы не погрызла меня скука, нафталина родина"
117,Как же ты мал для бифа
117,Но пишу не для глухих бля
117,Я бы тебя трахнул будь ты сучкой
117,Я бы показал свой хуй могучий
117,"Я когда-то тут всё потерял, и не вижу тут свет бытия"
117,Это тень? Это страх! Он открыл мне глаза что я не понимал
117,Я молюсь на коленях богам чтобы была свободней семья
117,"Я озадачен был, но вспомнил, что нам всем платят за стрим"
117,"Я улыбнулся, когда понял, что на сто шагов впереди"
117,"Выебу вас, выебу всех так, что ты лучше не пизди"
117,"Не верю фрешменам, и знаю с окружения друзей"
117,"Трудяга сядет за стол, ленивый натянет цепь"
117,"Со мною те идут, кто тянет свои руки к луне"
117,"Нам космос станет наш дом, нет места среди людей"
118,"Ты куришь дрянь, но я клал на твой сорт "
118,"К чёрту дань старшим, я младше, и всё "
118,"Это всё цифры, а цифры не в счёт"
118,"Посмотри на мой счёт — ты захочешь ещё, окей"
118,"Так хотел разъебать, но ты медленно бегал"
118,"Прыгнул до ста, думал сделать как не хуй"
118,Не лечи мне про страсть и свою любовь к рэпу
118,"Ты боишься пропасть, но ты нигде и не был"
118,Кого ебёт твой успех и сколько копий продаж
118,"Сегодня в топе, у всех завтра просишь аванс "
118,"Уже не те пацаны кругом, один эпатаж "
118,"Такой, как ты, найдёт причину во всём "
118,В индустрии ты лишь дутый пузырь 
118,С кем бы ты ни дружил 
118,"Мы простые, но не стоит грубить "
118,"Салютую тем, кто капли души "
118,"Мне нужен день, им нужен кореш"
118,Ты взорвал блант? – Лучше дуй в колледж
118,"Ха, а тебе нужен тренировочный год"
118,"Мне нужен бит, им — лишь капуста"
118,"Слышу топ-100, почему тут так грустно"
118,"Ты выкупил сленг, но читаешь на русском "
118,"Стыдно за тех, кого вижу вокруг"
118,"Шалавы на сцене, так нахуй игру"
118,"К счастью, народ, с кем делил своё время"
118,"Музыка — храм, ну а где уважение"
118,"Куда же ты лезешь, не кроя башку"
118,"Похуй, что одет как все, как я"
118,"Похуй, чем накурен и почему пьян"
118,В ваших глазах нет признаков жизни
118,"Жаль, что таких любят за глаза"
118,"Я пережил ад, но вынесу вновь "
118,Новая цель? Захотел — взял 
118,Клоунада — и та ради денег
118,Зато новый артист снова вынесет что-то
118,"Люблю этот трэш, ценю это время"
119,Я там же где мой друг
